group,oxide,n,mean,2SD,2RSD%,2SE
1982-CS2-L3A,SiO2,9,45.827777777777776,0.9066299012153642,1.9783414016094747,0.3022099670717881
1982-CS2-L3A,TiO2,9,3.941111111111111,0.09614803401237325,2.4396174404041706,0.03204934467079108
1982-CS2-L3A,Al2O3,9,14.976666666666667,0.18083141320025184,1.2074209650584364,0.06027713773341728
1982-CS2-L3A,FeO,9,13.455555555555556,0.8423248251779779,6.260052375393725,0.28077494172599265
1982-CS2-L3A,MnO,9,0.21367777777777777,0.07046068249582726,32.975203705602695,0.023486894165275756
1982-CS2-L3A,MgO,9,4.9688888888888885,0.31135902820449046,6.2661700667272235,0.10378634273483016
1982-CS2-L3A,CaO,9,11.001111111111111,0.5974482776311651,5.430799412867879,0.19914942587705506
1982-CS2-L3A,Na2O,9,3.2533333333333334,1.853941746657645,56.985914343984994,0.617980582219215
1982-CS2-L3A,K2O,9,1.731111111111111,0.15409232441768297,8.901353785360378,0.051364108139227656
1982-CS2-L3A,P2O5,9,0.6705888888888889,0.11344877453919214,16.917783222917322,0.037816258179730715
1982-CS2-L3A,SO3,9,0.037366666666666666,0.039552749588366166,105.850355722657,0.013184249862788723
1982-CS2-L3A,Cl,9,0.1213888888888889,0.013081454217496019,10.776484023566514,0.00436048473916534
1982-CS2-L3A,F,9,0.1335,0.05231328703111667,39.185982794843945,0.017437762343705556
1982-CS2-L5B,SiO2,9,45.99333333333333,0.7285602240034802,1.5840561472752868,0.24285340800116006
1982-CS2-L5B,TiO2,9,3.828888888888889,0.13944333775567944,3.6418747527600552,0.046481112585226476
1982-CS2-L5B,Al2O3,9,14.82,0.5902541825349471,3.982821744500318,0.1967513941783157
1982-CS2-L5B,FeO,9,13.818888888888889,1.7101591868725103,12.375518760032639,0.5700530622908367
1982-CS2-L5B,MnO,9,0.2496,0.07060311607854147,28.286504839159242,0.02353437202618049
1982-CS2-L5B,MgO,9,4.441111111111111,0.3801900109740449,8.560695768742567,0.12673000365801498
1982-CS2-L5B,CaO,9,9.7,0.8969949832635639,9.24737096148004,0.2989983277545213
1982-CS2-L5B,Na2O,9,4.863333333333333,0.8228000972289686,16.918439285037053,0.2742666990763229
1982-CS2-L5B,K2O,9,2.054444444444444,0.2632700345863751,12.814658254609931,0.08775667819545836
1982-CS2-L5B,P2O5,9,0.7404444444444445,0.05190299713033064,7.009708495993034,0.01730099904344355
1982-CS2-L5B,SO3,9,0.03635555555555556,0.01947077582201364,53.55653496275145,0.00649025860733788
1982-CS2-L5B,Cl,9,0.13137777777777776,0.029391457564703693,22.3717116104815,0.009797152521567898
1982-CS2-L5B,F,9,0.19269999999999998,0.08008345646886128,41.55861778352946,0.026694485489620428
UnknA-BatokeCS1-3_A,SiO2,6,48.90166666666667,1.4592829289300433,2.9841169604240685,0.5957497610387892
UnknA-BatokeCS1-3_A,TiO2,6,3.0883333333333334,0.2072357755472417,6.710278754902591,0.08460365109011427
UnknA-BatokeCS1-3_A,Al2O3,6,17.705000000000002,0.8427336471270136,4.759862452002336,0.3440445707559797
UnknA-BatokeCS1-3_A,FeO,6,10.25,0.7895315066544216,7.702746406384602,0.32232488785902574
UnknA-BatokeCS1-3_A,MnO,6,0.17074999999999999,0.055188223381442525,32.321067866144965,0.022530497849211708
UnknA-BatokeCS1-3_A,MgO,6,3.436666666666667,0.773838915192733,22.517136232572245,0.3159184142218435
UnknA-BatokeCS1-3_A,CaO,6,8.358333333333334,0.6039094854915489,7.225238111563893,0.24654501504683593
UnknA-BatokeCS1-3_A,Na2O,6,5.2250000000000005,0.5749086884019055,11.00303709860106,0.23470548921289963
UnknA-BatokeCS1-3_A,K2O,6,2.39,0.45939090108533925,19.22137661444934,0.18754555002274337
UnknA-BatokeCS1-3_A,P2O5,6,1.2615166666666668,0.1505022746228995,11.93026446654684,0.06144229632572156
UnknA-BatokeCS1-3_A,SO3,6,0.0161,0.025906910275059817,160.91248618049576,0.010576451830993858
UnknA-BatokeCS1-3_A,Cl,6,0.07211666666666668,0.1540297849984433,213.58417147923728,0.06288239640613086
UnknA-BatokeCS1-3_A,F,6,0.25285,0.09080491176142401,35.91256150343049,0.037070949992323285
UnknA-BatokeCS1-3_B,SiO2,2,45.65,2.8284271247461903,6.195897315982892,2.0
UnknA-BatokeCS1-3_B,TiO2,2,3.0949999999999998,0.38183766184073537,12.33724270890906,0.2699999999999998
UnknA-BatokeCS1-3_B,Al2O3,2,16.509999999999998,1.187939392393402,7.1952719103173965,0.8400000000000015
UnknA-BatokeCS1-3_B,FeO,2,10.085,2.192031021678297,21.735557974003935,1.5499999999999996
UnknA-BatokeCS1-3_B,MnO,2,0.1492,0.008202438661763931,5.497613044077702,0.005799999999999986
UnknA-BatokeCS1-3_B,MgO,2,5.12,1.3293607486307086,25.964077121693528,0.9399999999999994
UnknA-BatokeCS1-3_B,CaO,2,10.225000000000001,0.4384062043356589,4.287591240446541,0.3099999999999996
UnknA-BatokeCS1-3_B,Na2O,2,6.525,1.0323759005323594,15.82185288172198,0.73
UnknA-BatokeCS1-3_B,K2O,2,2.2,0.6222539674441621,28.28427124746191,0.4400000000000001
UnknA-BatokeCS1-3_B,P2O5,2,1.1943,0.09644936495384514,8.075807163513785,0.06820000000000004
UnknA-BatokeCS1-3_B,SO3,2,0.0208,0.013576450198781717,65.27139518645056,0.009600000000000003
UnknA-BatokeCS1-3_B,Cl,2,0.38785000000000003,0.869034234078267,224.06451826176792,0.6145
UnknA-BatokeCS1-3_B,F,2,0.23935,0.08725697679842,36.45580814640484,0.06170000000000002
UnknA-C21,SiO2,8,44.755,0.7985701507784319,1.7843149386178792,0.2823371844342964
UnknA-C21,TiO2,8,3.77625,0.06840008354213764,1.8113229670211888,0.024183081453185942
UnknA-C21,Al2O3,8,15.235,0.7051646211042808,4.628583006920124,0.24931334271783967
UnknA-C21,FeO,8,12.5875,0.9538343671728344,7.577631516765318,0.33723137457834523
UnknA-C21,MnO,8,0.235025,0.022648557191510973,9.636658734820113,0.008007474187104378
UnknA-C21,MgO,8,4.4087499999999995,0.24574958218246684,5.5741328535858665,0.08688559801749153
UnknA-C21,CaO,8,10.485,0.09441549509633301,0.9004815936703197,0.03338091841585115
UnknA-C21,Na2O,8,4.84375,0.10846329201294695,2.239242157686647,0.03834756464608574
UnknA-C21,K2O,8,2.185,0.07782764841072151,3.561906105753845,0.027516228977511804
UnknA-C21,P2O5,8,0.9963625,0.07270322747797583,7.296865094579115,0.025704472581912424
UnknA-C21,SO3,8,0.1143,0.03826061010640428,33.47384961190226,0.01352716842928651
UnknA-C21,Cl,8,0.125625,0.04889320724073759,38.919965962776196,0.017286359196942377
UnknA-C21,F,8,0.1641,0.1251224771402576,76.2477008776707,0.04423747603236746
UnknA-C22-PS1-L2,SiO2,9,46.233333333333334,1.0164152694642046,2.1984468697855903,0.3388050898214015
UnknA-C22-PS1-L2,TiO2,9,3.576666666666666,0.09110433579144318,2.54718553004967,0.03036811193048106
UnknA-C22-PS1-L2,Al2O3,9,14.73111111111111,0.243401816847049,1.6522977459823815,0.08113393894901634
UnknA-C22-PS1-L2,FeO,9,12.124444444444444,0.3179797338056484,2.6226334349806044,0.10599324460188281
UnknA-C22-PS1-L2,MnO,9,0.1902,0.05118349343294184,26.910354065689713,0.01706116447764728
UnknA-C22-PS1-L2,MgO,9,5.578888888888889,0.11723670263379347,2.1014346219959,0.03907890087793116
UnknA-C22-PS1-L2,CaO,9,11.792222222222222,0.20267653484747128,1.7187306262388031,0.06755884494915709
UnknA-C22-PS1-L2,Na2O,9,4.052222222222222,0.20827332469084447,5.139731072710721,0.06942444156361482
UnknA-C22-PS1-L2,K2O,9,1.2535333333333334,0.08116304577823613,6.474741725647726,0.027054348592745376
UnknA-C22-PS1-L2,P2O5,9,0.5365,0.0449401824651391,8.376548455757522,0.014980060821713034
UnknA-C22-PS1-L2,SO3,9,0.04296666666666667,0.02364466113100376,55.03024312879075,0.007881553710334588
UnknA-C22-PS1-L2,Cl,9,0.07832222222222222,0.0182660279693692,23.32164161218936,0.006088675989789734
UnknA-C22-PS1-L2,F,9,0.12843333333333332,0.0560740581730982,43.66005048515303,0.018691352724366065
UnknA-C22-PS1-L3,SiO2,7,47.597142857142856,0.6803640482089319,1.4294220353750298,0.2571534389357134
UnknA-C22-PS1-L3,TiO2,7,3.5342857142857147,0.1130528742710788,3.1987474531024715,0.04272997004604672
UnknA-C22-PS1-L3,Al2O3,7,15.384285714285713,0.3411465262624723,2.2174999385618968,0.12894126701772385
UnknA-C22-PS1-L3,FeO,7,11.812857142857142,1.3986524126560425,11.840085728131937,0.5286409220726253
UnknA-C22-PS1-L3,MnO,7,0.1865857142857143,0.09190781095361651,49.25768904948438,0.034737887332515344
UnknA-C22-PS1-L3,MgO,7,5.588571428571428,0.2222396818537955,3.976681423764235,0.08399870423360813
UnknA-C22-PS1-L3,CaO,7,12.018571428571429,1.138913433726994,9.476279610232922,0.43046881578175267
UnknA-C22-PS1-L3,Na2O,7,3.628571428571429,0.5183857728794355,14.286222087228538,0.1959314054618568
UnknA-C22-PS1-L3,K2O,7,0.9239428571428572,0.6450997117463609,69.82030401114055,0.2438247725886177
UnknA-C22-PS1-L3,P2O5,7,0.5140857142857143,0.09229542629126171,17.95331473458656,0.0348843921593387
UnknA-C22-PS1-L3,SO3,7,0.051071428571428566,0.02346705897940466,45.94948611351962,0.008869714580227136
UnknA-C22-PS1-L3,Cl,7,0.07527142857142856,0.01605188017469783,21.32532951658471,0.006067040431036928
UnknA-C22-PS1-L3,F,7,0.08765714285714286,0.0640750452873147,73.09734631864453,0.02421809072506227
UnknA-Flow1-1,SiO2,17,45.31,0.6370243323453169,1.4059243706583906,0.15450109460872413
UnknA-Flow1-1,TiO2,17,3.3294117647058825,0.08528498936955287,2.5615632849512346,0.02068464820296152
UnknA-Flow1-1,Al2O3,17,15.351176470588237,0.528955685901059,3.4457012914580227,0.12829059789653557
UnknA-Flow1-1,FeO,17,13.331176470588234,0.954643450533789,7.160984273518252,0.23153504596205413
UnknA-Flow1-1,MnO,17,0.2321529411764706,0.09336677989646688,40.217788938325064,0.022644770319819322
UnknA-Flow1-1,MgO,17,5.077647058823529,0.29406881947638563,5.7914387524311355,0.07132216493540176
UnknA-Flow1-1,CaO,17,11.594117647058823,0.8317769780274462,7.174129186436624,0.20173554925671885
UnknA-Flow1-1,Na2O,17,3.6947058823529413,0.3649053060082044,9.876437194936276,0.08850253647177421
UnknA-Flow1-1,K2O,17,1.801764705882353,0.1975139607872881,10.962250517087488,0.04790417193294668
UnknA-Flow1-1,P2O5,17,0.7241588235294119,0.10044956592299265,13.871206517020761,0.024362598255761356
UnknA-Flow1-1,SO3,17,0.04125294117647059,0.025076295345112163,60.78668485197587,0.0060818949651224655
UnknA-Flow1-1,Cl,17,0.15211764705882352,0.027475828949652968,18.06222320742848,0.006663867347695454
UnknA-Flow1-1,F,17,0.058800000000000005,0.06735061246937551,114.54185794111481,0.016334922891839833
UnknA-Flow1-2,SiO2,8,45.24,0.6235382907248016,1.3782897672962016,0.22045407685048807
UnknA-Flow1-2,TiO2,8,3.3025,0.10127755357009205,3.0666935221829537,0.03580702245569796
UnknA-Flow1-2,Al2O3,8,15.4575,0.3494894235064292,2.260969907853335,0.12356317065718662
UnknA-Flow1-2,FeO,8,13.4175,0.6663975647357324,4.966629884372889,0.23560711849541882
UnknA-Flow1-2,MnO,8,0.23625000000000002,0.05759652767311584,24.379482612959084,0.020363447645229425
UnknA-Flow1-2,MgO,8,5.0975,0.2508841508402969,4.921709678083314,0.0887009421757013
UnknA-Flow1-2,CaO,8,11.63625,0.46141861997230016,3.9653549895567743,0.16313611757407598
UnknA-Flow1-2,Na2O,8,3.82625,0.25655687200195687,6.705177968035462,0.09070655197629639
UnknA-Flow1-2,K2O,8,1.79375,0.12418304462135142,6.923096564256525,0.0439053364800746
UnknA-Flow1-2,P2O5,8,0.7283375,0.07969183055459858,10.94160750402095,0.028175316895162977
UnknA-Flow1-2,SO3,8,0.041275,0.014409818081532366,34.91173369238611,0.005094640040558031
UnknA-Flow1-2,Cl,8,0.1442375,0.0830779969151193,57.59805661850719,0.029372507493037964
UnknA-Flow1-2,F,8,0.076825,0.09846622336038456,128.16950648927374,0.034813067127978575
