,sample,host_contaminated,sum_oxides_raw,scale_factor,Li7,B11,Na23,Mg24,Al27,Si29,P31,K39,Ca43,Sc45,Ti47,V51,Mn55,Fe57,As75,Rb85,Sr88,Y89,Zr90,Nb93,Cs133,Ba138,La139,Ce140,Pr141,Nd146,Sm147,Eu151,Gd157,Tb159,Dy163,Ho165,Er166,Tm169,Yb172,Lu175,Hf178,Ta181,Pb208,Th232,U238
015MC22-1-16,MC22-1-16,True,151.79484128011404,,5.1,1.22,20562.38,232828.48,68050.4,284910.28,2543.37,9764.58,88337.04,38.06,19325.18,308.06,2454.12,147266.05,0.71,29.62,887.36,20.75,291.34,93.89,0.344,400.57,62.11,127.59,14.66,57.33,9.25,2.88,6.8,0.877,4.62,0.88,2.47,0.262,1.37,0.288,6.86,4.96,11.88,7.32,1.88
016MC22-1-20,MC22-1-20,False,84.32300775874101,1.1859159517425288,3.67,1.34,19468.77,28620.62,70750.84,168647.69,1732.0,8132.88,96484.63,36.79,25114.34,373.63,1104.18,64490.9,0.36,22.0,748.44,30.41,307.45,63.65,0.249,308.48,42.6,88.95,11.22,52.14,10.29,3.08,7.41,1.06,6.56,1.16,2.98,0.336,2.04,0.375,7.63,3.54,6.07,4.58,1.27
017MC22-1-21,MC22-1-21,True,104.04355654984617,,4.47,0.95,15344.5,107028.45,59117.61,189700.77,1182.82,5739.62,94269.05,33.69,23916.99,287.85,1806.7,109588.72,0.37,11.69,3855.13,24.87,275.61,57.6,0.137,368.46,37.45,78.94,10.63,50.12,9.81,2.45,6.11,0.839,6.06,1.04,2.46,0.308,1.92,0.391,5.96,2.8,8.99,4.65,1.17
018MC22-1-26,MC22-1-26,False,98.01787474552893,1.0202220794892463,7.33,1.54,30900.85,30189.96,80352.15,207945.72,2456.18,11276.95,95484.05,30.08,18899.87,284.17,1501.65,82007.19,0.69,38.32,1183.1,35.05,395.12,95.9,0.47,481.34,75.35,150.79,17.47,67.86,11.77,3.56,10.14,1.35,7.44,1.28,3.32,0.465,2.68,0.36,8.82,5.9,5.22,8.82,2.08
019MC22-1-26B,MC22-1-26,False,96.54270686253875,1.0358110234301166,7.07,1.82,30029.12,31361.74,78365.78,204026.72,2441.65,11191.87,95484.05,30.82,18538.85,279.02,1483.01,79970.2,0.72,36.3,1169.94,35.21,397.16,94.46,0.44,469.34,74.06,147.83,17.53,67.29,11.83,3.42,10.12,1.38,7.24,1.28,3.09,0.429,2.73,0.389,8.72,5.85,18.13,9.01,1.91
020MC22-1-27,MC22-1-27,False,81.63166150401449,1.2250148797361204,5.7,1.57,25121.98,21731.77,70488.98,174514.03,2268.46,12721.8,75615.36,17.93,16016.61,212.8,1259.88,66244.79,0.72,39.7,1241.61,31.82,372.44,85.9,0.48,453.51,63.43,144.71,18.79,65.85,9.82,2.88,7.73,1.26,6.21,1.09,2.58,0.342,2.47,0.286,6.55,4.71,21.82,7.71,1.66
021MC22-2-1,MC22-2-1,True,253.5363627368702,,5.2,0.96,17005.31,519711.91,76921.13,491516.72,1786.53,8273.93,90052.32,47.17,16352.89,214.67,3556.48,219087.5,0.31,15.78,760.17,29.94,298.4,48.69,0.174,187.02,29.03,80.21,11.87,50.02,7.34,1.91,5.37,1.19,5.18,0.77,1.61,0.225,2.88,0.294,5.63,2.14,100.83,3.68,0.98
022MC22-2-5,MC22-2-5,False,84.10051876671756,1.1890533074758465,3.61,0.88,23006.44,31592.42,71867.45,170653.77,1900.95,9979.52,88194.09,31.71,19300.11,286.62,1039.76,64840.56,0.46,27.29,883.03,25.18,288.92,80.93,0.303,380.46,62.77,120.21,13.43,50.92,7.93,2.32,7.15,1.035,5.13,0.92,2.41,0.298,2.11,0.269,6.41,4.76,3.72,6.61,1.5
023MC22-2-8,MC22-2-8,True,108.69296725290484,,3.09,5.8,11938.23,136057.78,45683.98,208577.73,1904.76,7952.87,93482.88,28.16,16378.47,241.05,1659.64,107640.5,0.69,16.06,742.53,19.86,246.33,86.19,0.167,252.32,42.65,85.75,12.43,52.15,8.04,2.21,5.06,0.79,4.63,0.541,1.92,0.218,1.79,0.157,4.03,3.56,153.69,6.04,1.38
029MC22-2-9,MC22-2-9,False,93.41960641005065,1.0704391063377612,4.79,1.21,24704.21,34818.71,75205.46,198089.83,2563.51,12653.72,85907.06,29.94,20038.05,308.84,1278.03,78422.77,0.68,33.25,954.8,27.66,314.64,94.26,0.369,415.94,67.98,135.28,15.82,62.71,10.33,3.06,8.55,1.07,5.79,1.02,2.45,0.314,2.21,0.256,7.28,5.55,3.78,7.19,1.87
030MC22-2-23,MC22-2-23,False,95.4855795840111,1.0472785569889846,4.58,1.74,24710.27,31051.54,78683.25,203731.45,3003.66,10543.19,95555.52,34.24,20719.46,351.13,1166.8,74768.54,0.72,33.83,884.07,27.48,304.27,82.81,0.394,393.21,56.3,112.61,12.74,48.65,8.53,2.73,7.85,1.08,5.58,1.05,2.72,0.333,2.23,0.306,7.43,5.24,4.2,6.56,1.69
031MC22-2-35,MC22-2-35,True,197.47936922258808,,5.38,3.24,22292.03,339160.94,80013.44,363795.75,1659.47,7549.2,86049.99,38.25,19023.78,290.69,3497.18,220236.08,0.72,21.91,765.68,28.81,265.76,59.08,0.233,324.98,46.1,95.72,11.13,44.95,7.84,2.5,7.9,1.08,5.32,1.03,2.82,0.362,2.35,0.241,6.2,3.91,74.48,4.64,0.96
032MC22-2-32,MC22-2-32,True,97.14010432925558,,3.95,1.51,22092.54,56044.2,77315.71,201766.55,1787.11,8870.85,84692.06,27.32,17378.57,263.03,1319.15,83160.84,0.52,22.83,797.7,29.27,272.43,71.44,0.287,307.12,49.32,98.47,11.87,49.3,8.7,2.6,7.38,1.16,5.99,0.95,2.4,0.407,2.08,0.382,5.03,4.25,2.58,5.83,1.27
034MC22-2-30,MC22-2-30,True,414.01202350394266,,8.81,3.47,20665.05,934193.31,76804.52,785817.88,1494.25,8564.73,92696.71,62.21,16003.47,192.41,7135.28,433401.66,0.89,22.48,723.17,28.26,275.98,54.46,0.208,280.28,38.67,86.5,9.97,43.22,8.28,2.32,6.54,1.12,5.3,0.97,2.57,0.228,2.35,0.282,5.8,3.22,210.04,3.6,0.87
035MC22-2-24,MC22-2-24,True,131.81454756870252,,6.83,2.23,21858.63,171186.28,56704.34,255527.78,2668.76,10868.67,83048.25,24.5,15787.53,247.06,2780.67,144333.52,0.98,33.59,1135.25,33.21,359.99,107.88,0.41,519.37,76.7,162.45,18.94,67.08,11.54,3.39,8.38,1.11,5.61,1.2,2.98,0.481,2.63,0.322,7.83,5.64,6.3,8.66,2.2
036MC22-2-27,MC22-2-27,False,87.93987299888445,1.1371406006154743,4.0,2.16,23147.86,30517.71,70238.51,188885.25,2002.68,9947.73,91696.13,29.19,17651.56,300.63,1021.94,66192.48,0.55,28.96,811.48,27.23,262.64,80.48,0.352,352.6,61.1,112.73,13.31,54.41,8.23,2.73,7.48,0.99,5.69,0.91,2.37,0.289,2.28,0.267,5.94,4.38,6.21,6.38,1.57
037MC22-2-28,MC22-2-28,True,91.51486152231887,,3.85,1.84,22209.82,47221.54,79121.88,179522.22,2518.96,11851.35,86836.16,33.33,19434.41,299.57,1335.51,75912.84,0.78,34.97,1063.01,26.08,371.67,103.89,0.42,485.18,83.25,155.76,16.92,66.68,11.41,3.56,8.63,1.06,5.7,0.96,2.8,0.331,1.7,0.284,8.43,6.26,4.55,8.85,2.21
038MC22-2-29,MC22-2-29,True,203.8784720219251,,8.72,3.28,22005.23,345789.88,89052.79,367506.34,1779.55,8443.46,104346.32,43.86,24643.11,413.84,3291.38,214254.89,0.45,22.96,829.22,32.0,306.03,62.87,0.299,332.29,47.08,101.16,12.0,49.76,9.42,2.99,8.49,1.16,6.47,1.22,3.58,0.452,2.29,0.446,6.9,4.28,63.2,4.73,1.35
039MC22-2-29B,MC22-2-29,True,217.04995389545766,,5.53,1.79,22480.66,396552.41,99547.46,386394.97,1638.87,7412.55,104346.32,37.92,17688.56,256.1,3018.95,214394.05,0.61,26.68,1036.08,40.34,349.85,58.66,0.261,338.6,55.32,123.79,14.14,49.57,8.94,2.77,12.35,1.58,6.42,1.09,3.17,0.5,2.96,0.385,6.91,4.48,67.15,5.41,1.13
040MC22-2-31,MC22-2-31,False,106.47792999937222,0.9391617586911164,6.83,0.98,25126.95,41962.77,91401.65,215230.17,313.7,2382.03,105203.96,42.0,39363.47,446.91,1632.27,85203.74,0.34,9.96,239.14,35.34,177.26,25.47,0.121,86.38,17.44,48.62,7.89,34.83,11.72,5.29,12.55,1.53,6.87,1.76,5.55,0.56,2.61,0.348,4.71,2.0,5.12,0.73,0.361
041MC22-2-40,MC22-2-40,False,96.55896846872517,1.0356365813123756,4.92,2.22,26567.15,35922.89,78532.41,210859.67,2333.76,10033.14,86478.8,31.45,18796.19,266.59,1221.16,77237.99,0.75,28.07,799.57,28.16,290.88,67.48,0.3,351.95,48.43,102.62,12.34,50.27,9.86,3.03,8.26,1.11,6.07,1.05,2.73,0.376,2.02,0.258,6.93,4.1,18.83,4.98,1.32
048MC59-1-2A,MC59-1-2,True,116.28487620157446,,9.79,2.62,44626.88,59173.95,106219.51,253006.88,3797.93,22731.52,64751.9,16.17,20015.58,176.06,1745.18,77952.2,1.01,69.05,1197.36,39.48,460.83,143.83,0.58,697.19,111.63,237.74,26.36,92.0,13.79,4.35,11.63,1.68,8.1,1.43,3.5,0.53,3.58,0.427,8.21,8.65,10.37,11.27,2.9
049MC59-2-1A,MC59-2-1,False,92.85041174761504,1.0770011475212289,4.3,2.32,27329.81,21154.34,81745.2,190084.97,4388.04,8578.81,114137.73,34.87,23252.36,350.26,966.41,58572.9,0.4,22.02,633.7,28.57,224.41,41.96,0.281,275.03,27.44,64.62,9.07,41.34,9.3,2.94,8.13,1.08,5.86,1.17,2.71,0.418,2.34,0.309,5.44,2.56,2.8,2.4,0.86
050MC59-2-6A,MC59-2-6,False,105.95136063309467,0.9438293137763092,6.87,3.75,33087.27,40047.36,96657.41,224707.58,6166.63,35982.24,76830.34,22.48,13132.22,313.52,1453.86,74932.47,1.45,121.2,2279.12,32.23,459.44,250.89,1.49,1424.14,133.39,199.02,19.07,63.42,10.39,3.22,8.0,1.03,6.2,1.27,3.54,0.47,3.54,0.515,10.88,16.64,11.58,22.82,5.63
051MC59-9-1A,MC59-9-1,False,100.06907720769998,0.9993097047596772,5.87,2.75,30135.31,32786.87,86921.61,211769.61,1809.58,9777.27,108420.13,35.08,21476.94,331.23,1091.11,64955.32,0.94,37.14,1083.29,28.8,374.14,109.45,0.52,486.48,81.54,158.46,16.78,60.77,9.95,3.32,8.51,1.09,6.53,1.14,2.66,0.371,2.31,0.282,8.81,6.35,3.79,9.51,2.63
052MC59-9-1B,MC59-9-1,True,125.9906401814482,,5.53,2.92,31089.67,87649.75,86524.04,258177.17,1951.97,10592.96,112350.98,41.18,20577.35,301.14,1535.05,113570.77,0.96,37.59,990.34,26.62,390.05,96.9,0.51,480.95,89.43,154.11,16.67,61.77,9.27,2.86,9.62,1.09,6.77,1.36,3.48,0.42,1.93,0.383,10.54,6.91,4.26,10.03,2.4
053MC59-9-1B2,MC59-9-1B2,False,132.92273504062996,0.7523167497977934,6.25,3.88,40759.39,50641.32,94393.63,310093.81,2735.54,13822.55,112350.98,38.86,20957.25,383.45,1403.14,102356.7,1.28,52.98,1188.79,31.9,453.19,133.69,0.69,554.89,93.78,182.51,19.36,70.78,10.85,3.47,9.95,1.27,6.49,1.27,3.5,0.363,2.59,0.307,10.28,7.11,6.63,11.19,3.18
054MC59-2-8A,MC59-2-8,True,121.09637025342089,,3.95,0.72,23829.33,116898.38,89292.41,237802.3,1646.56,8239.21,113280.09,36.76,18960.86,305.44,1290.7,79327.91,0.7,22.08,844.19,29.47,281.84,59.65,0.213,329.55,44.13,98.57,12.46,49.66,8.51,2.86,7.39,1.11,5.51,1.02,2.5,0.333,2.45,0.252,5.66,3.75,6.19,4.4,1.22
055MC59-1-3A,MC59-1-3,True,163.00899034529496,,4.02,2.71,29689.55,220437.08,102801.8,307653.09,1631.29,8241.64,112636.85,37.07,20528.77,356.1,2041.39,127461.78,0.38,27.24,996.57,30.58,286.6,68.31,0.238,355.64,63.08,132.64,14.48,56.93,10.03,3.39,8.9,1.2,7.48,1.29,3.73,0.54,2.77,0.359,7.5,4.63,5.89,4.92,1.46
056MC59-1-3B,MC59-1-3,False,102.92823541455661,0.9715507080951814,4.59,2.47,29368.58,39620.71,99742.35,207311.67,3121.11,13489.34,106990.72,27.33,18286.2,387.83,1138.03,67592.09,0.82,44.77,1363.1,36.47,402.56,125.36,0.38,614.54,111.66,208.29,22.16,79.1,12.42,3.7,10.79,1.45,7.34,1.43,3.6,0.53,2.95,0.327,8.49,8.2,21.06,10.43,2.56
057MC59-1-7B,MC59-1-7,False,104.24727684094034,0.959257671090816,5.68,2.24,33654.76,27416.9,87475.92,220188.77,2094.34,9918.6,103274.27,29.87,26801.64,324.94,1412.79,83581.31,0.56,24.34,1011.95,36.51,403.85,67.26,0.288,313.34,54.96,128.8,16.25,69.73,13.98,4.0,11.1,1.56,8.03,1.37,3.44,0.446,2.75,0.359,10.11,4.01,4.07,5.07,1.39
058MC82-6,MC82-6,False,83.85450345605395,1.192541794161449,4.03,1.67,21856.55,22635.95,77475.99,170249.72,1855.71,8862.9,91982.01,28.02,19205.7,283.4,1100.03,65180.92,0.44,25.19,855.26,29.09,281.53,70.1,0.281,300.28,51.95,108.26,12.95,52.23,8.63,2.71,8.26,1.19,6.12,0.96,2.45,0.393,2.11,0.279,5.59,3.75,3.8,6.02,1.24
059MC82-11,MC82-11,True,114.44548297144995,,4.44,2.42,24432.84,68036.59,90426.33,228742.73,2794.03,12290.9,112065.09,38.56,23168.01,379.06,1558.23,93138.12,0.71,32.75,1159.21,37.82,393.95,112.51,0.44,460.62,83.92,168.57,19.92,81.26,12.37,3.2,9.8,1.47,7.49,1.21,3.23,0.47,3.12,0.411,8.33,6.09,5.5,9.55,2.06
060MC82-29,MC82-29,False,96.54693192993176,1.0357656944766953,4.48,2.2,25210.27,24785.24,82505.89,205127.7,2136.64,9901.99,97914.02,35.1,21484.75,352.63,1302.41,81086.65,0.64,27.45,919.46,28.75,292.13,72.81,0.307,354.65,57.17,118.29,13.95,55.2,10.24,3.06,8.86,1.16,6.46,1.09,2.67,0.349,2.51,0.361,6.56,4.27,4.27,6.02,1.39
061MC82-35,MC82-35,False,97.91409128662718,1.0213034578165738,7.15,3.29,34271.96,25914.26,79049.42,209438.59,3149.96,16326.79,71613.03,17.57,23436.37,283.63,1824.73,96400.74,0.97,46.47,887.08,36.36,389.88,119.2,0.56,537.44,86.84,168.57,19.54,75.86,13.43,4.08,11.13,1.38,7.81,1.39,3.64,0.48,2.87,0.383,7.99,6.96,6.92,9.34,2.49
062MC82-37,MC82-37,False,92.77721368891832,1.077850864710161,4.68,1.44,25016.44,36726.7,79341.87,183280.25,1869.98,8985.74,91124.37,29.62,22759.58,324.17,1414.21,84523.58,0.52,24.87,879.25,28.99,291.56,70.38,0.271,337.82,54.36,110.17,13.03,51.48,10.26,3.08,8.51,1.13,6.8,1.07,2.91,0.354,2.45,0.33,7.03,4.36,7.17,5.58,1.35
063MC82-39,MC82-39,False,95.23602665679459,1.0500228066042014,5.16,1.71,26481.02,35184.27,78976.8,197955.2,1965.41,9931.96,86407.33,29.48,21104.23,330.94,1430.17,86428.34,0.59,27.05,843.76,27.44,280.99,71.46,0.271,356.86,53.55,106.65,12.84,51.57,9.25,2.85,8.08,1.07,5.72,1.03,2.69,0.347,2.2,0.282,6.4,4.2,4.45,5.53,1.52
071MC82-12,MC82-12,False,94.779243355662,1.0550833332225173,6.74,2.96,28808.95,28147.19,74092.8,203042.41,2617.97,11925.48,89552.02,29.1,21538.21,305.05,1387.24,81253.88,0.81,27.56,897.93,28.81,303.43,82.3,0.32,331.83,51.64,104.1,13.82,55.23,9.62,2.98,7.7,1.07,6.25,1.13,2.43,0.325,2.24,0.334,6.17,4.09,4.52,6.1,1.54
072MC82-12B,MC82-12,False,91.19543183867987,1.0965461535057477,6.79,1.82,28897.83,28282.02,72967.48,192714.38,2454.95,11654.02,89552.02,26.47,18242.11,268.09,1297.77,76865.91,0.58,28.16,876.34,26.42,282.16,76.27,0.286,324.29,49.27,102.33,13.3,53.14,9.99,2.55,7.17,1.06,6.22,1.0,2.38,0.328,1.94,0.292,6.0,4.14,3.66,5.92,1.41
073MC82-19,MC82-19,True,185.40710654287489,,5.55,2.67,21350.03,295328.94,69446.66,342625.63,2344.03,9813.51,97628.13,40.45,18942.48,315.25,3642.78,218632.84,0.57,25.03,830.98,27.62,281.26,83.58,0.35,332.08,56.89,115.19,13.58,58.86,9.08,2.45,6.56,1.12,6.23,1.1,2.29,0.328,2.58,0.292,5.33,4.35,4.31,7.45,1.49
074MC82-21,MC82-21,False,88.83833509564309,1.1256401855386,4.2,2.17,20251.1,22454.33,72580.84,195269.75,2062.18,8294.77,97699.61,29.46,19831.37,277.48,1150.49,64504.45,0.5,20.17,788.63,23.34,223.02,61.87,0.183,273.29,39.94,90.41,11.97,46.67,8.92,2.73,6.3,0.96,5.43,0.78,2.11,0.301,2.0,0.228,4.66,3.07,55.49,4.48,1.31
075MC82-28,MC82-28,False,138.05224636941216,0.7243634394214155,6.89,11.73,62656.69,47689.06,146801.05,288315.84,3722.46,17658.44,71970.38,15.14,20235.1,218.75,1959.33,121283.0,2.83,85.1,1599.46,43.16,388.93,98.65,0.43,832.48,157.62,334.69,27.26,77.61,10.45,4.84,19.71,1.62,6.88,1.17,4.33,0.76,4.06,0.29,8.25,11.12,1846.88,9.25,2.11
076MC82-32,MC82-32,False,67.07393999845219,1.4908919917677061,2.41,1.23,14642.34,16258.56,50176.17,143550.42,1920.85,11675.49,90909.95,23.85,13812.56,175.79,713.79,40814.19,0.37,16.3,632.34,21.85,248.83,57.25,0.204,187.03,30.53,67.68,10.64,50.19,7.59,1.74,4.64,0.8,5.2,0.68,1.32,0.207,1.75,0.225,3.35,2.42,3.09,5.01,0.92
077MC82-40,MC82-40,False,99.6510993984241,1.0035012217996806,4.85,2.5,27177.84,33307.82,87502.42,208005.63,2330.29,11159.31,96627.55,34.61,20709.35,347.87,1361.39,80868.11,0.63,30.9,863.95,26.76,262.93,75.18,0.34,382.25,53.22,109.48,12.91,48.18,9.2,2.91,8.2,1.04,6.02,1.11,2.76,0.42,2.03,0.32,6.2,4.66,4.1,5.85,1.45
078MC82-5,MC82-5,False,84.78461967937221,1.1794592035462022,7.51,12.2,32447.35,23898.08,84062.66,188322.47,3384.98,14287.32,63751.32,16.19,18514.17,372.46,1279.45,43578.31,1.28,40.93,1527.33,30.64,357.99,122.29,0.44,622.62,97.11,186.89,20.83,75.57,11.68,3.54,9.59,1.18,6.35,1.2,2.82,0.43,2.54,0.332,7.53,7.1,1714.57,9.79,2.53
079MC99U-7,MC99U-7,True,148.42225417241355,,6.87,4.87,26100.17,177851.2,86904.08,301774.66,3891.53,12325.35,97199.32,38.5,12992.25,224.58,2143.81,124466.71,1.26,50.88,1458.3,27.55,471.34,130.94,0.62,624.44,116.25,227.12,23.85,81.89,10.87,2.98,8.33,1.06,5.53,1.03,2.57,0.344,2.13,0.328,9.58,8.01,7.72,12.51,2.91
080MC99U-10,MC99U-10,True,132.0147134747819,,5.03,1.62,20926.3,130308.17,87380.28,259355.52,1964.47,9553.02,115638.6,41.81,24132.6,343.74,1800.64,105340.88,0.6,26.73,861.6,31.26,283.21,79.81,0.31,367.12,57.52,110.53,13.45,52.91,10.01,2.71,8.32,1.1,6.55,1.09,2.75,0.4,2.07,0.341,6.92,4.35,7.37,6.2,1.55
