No.,MgO,MnO,FeO,SiO2,CaO,Cr2O3,NiO,Al2O3,Total,Comment,material,is_std,sample,spot,datetime,curr_A,minutes,bracket,k_Si,SiO2_corr,Total_corr,MT_raw,MT_corr,fail_contam,Fo,keep
4,46.01,0.2421,14.5,39.783795261179264,0.3536,0.0355,0.2042,0.0358,100.0811,UnkA-C20-S2-1MI_1_1,UnkA-C20-S2-1MI_1,False,UnkA-C20-S2-1MI_1,1.0,2017-03-02 02:22:00,9.849e-08,10.0,,1.0280050455085081,39.783795261179264,101.16489526117927,2.1050400104808467,2.0476942400993545,False,84.9764666924651,True
5,45.73,0.2578,14.88,39.603776499519476,0.353,0.0244,0.1967,0.034,99.9959,UnkA-C20-S2-1MI_1_2,UnkA-C20-S2-1MI_1,False,UnkA-C20-S2-1MI_1,2.0,2017-03-02 02:25:00,9.852e-08,13.0,,1.028135423144327,39.603776499519476,101.07967649951948,2.1124624418093805,2.0546538853304726,False,84.56369572421411,True
6,46.3,0.2209,13.92,40.834160714285716,0.3368,0.0266,0.2088,0.0248,100.7479,UnkA-C20-S2-1MI_1_3,UnkA-C20-S2-1MI_1,False,UnkA-C20-S2-1MI_1,3.0,2017-03-02 02:29:00,9.856e-08,17.0,,1.0283092599920856,40.834160714285716,101.87206071428571,2.049359208602537,1.992940536797568,False,85.56797863773978,True
7,44.96,0.2504,15.32,41.13758550511618,0.3416,0.0176,0.1803,0.0352,101.105,UnkA-C20-S2-1MI_2_1,UnkA-C20-S2-1MI_2,False,UnkA-C20-S2-1MI_2,1.0,2017-03-02 02:32:00,9.858e-08,20.0,,1.0284396376279044,41.13758550511618,102.24258550511618,2.0140115638953806,1.9583177176452446,False,83.95199255865697,True
8,44.92,0.2524,15.22,39.52794568658488,0.3443,0.011,0.1934,0.0391,99.4103,UnkA-C20-S2-1MI_2_2,UnkA-C20-S2-1MI_2,False,UnkA-C20-S2-1MI_2,2.0,2017-03-02 02:35:00,9.86e-08,23.0,,1.0285700152637232,39.52794568658488,100.50824568658489,2.0929566858284328,2.034821796056152,False,84.02808417771264,True
9,44.49,0.2462,15.37,40.20330974051671,0.3368,0.0049,0.1965,0.0488,99.7733,UnkA-C20-S2-1MI_2_3,UnkA-C20-S2-1MI_2,False,UnkA-C20-S2-1MI_2,3.0,2017-03-02 02:39:00,9.858e-08,27.0,,1.0287438521114818,40.20330974051671,100.89660974051671,2.044676239534864,1.9875464969615086,False,83.76564480885699,True
10,47.3,0.2065,12.77,40.11580621784725,0.3588,0.0418,0.2019,0.0451,99.9142,UnkA-C20-S2-1MI_3_1,UnkA-C20-S2-1MI_3,False,UnkA-C20-S2-1MI_3,1.0,2017-03-02 02:42:00,9.856e-08,30.0,,1.0288742297473006,40.11580621784725,101.04000621784724,2.100920495802913,2.04196046033626,False,86.84654224318062,True
11,47.27,0.2181,12.97,40.153455558539214,0.3563,0.0319,0.2124,0.0242,100.1029,UnkA-C20-S2-1MI_3_2,UnkA-C20-S2-1MI_3,False,UnkA-C20-S2-1MI_3,2.0,2017-03-02 02:46:00,9.857e-08,34.0,,1.0290480665950592,40.153455558539214,101.23635555853922,2.1028452715605543,2.0434859554408407,False,86.66066878956347,True
12,47.14,0.2082,12.83,41.32151453586975,0.3522,0.0436,0.2098,0.0344,100.9682,UnkA-C20-S2-1MI_3_3,UnkA-C20-S2-1MI_3,False,UnkA-C20-S2-1MI_3,3.0,2017-03-02 02:49:00,9.863e-08,37.0,,1.029178444230878,41.32151453586975,102.13971453586976,2.0355484153822117,1.977838174509582,False,86.75401371835564,True
13,47.47,0.2114,12.9,41.18264596288654,0.3616,0.0332,0.219,0.0353,101.2405,UnkA-C20-S2-1MI_4_1,UnkA-C20-S2-1MI_4,False,UnkA-C20-S2-1MI_4,1.0,2017-03-02 02:52:00,9.825e-08,40.0,,1.0293088218666968,41.18264596288654,102.41314596288655,2.056934457865804,1.99836474162872,False,86.77164198457857,True
14,47.13,0.2032,13.04,41.23078048151394,0.3526,0.0334,0.2194,0.0227,101.0512,UnkA-C20-S2-1MI_4_2,UnkA-C20-S2-1MI_4,False,UnkA-C20-S2-1MI_4,2.0,2017-03-02 02:56:00,9.843e-08,44.0,,1.0294826587144554,41.23078048151394,102.23198048151394,2.0447416409579593,1.9861836657950964,False,86.56386291436372,True
15,47.6,0.2045,12.58,39.93868968002714,0.3553,0.0403,0.2182,0.038,99.8264,UnkA-C20-S2-1MI_4_3,UnkA-C20-S2-1MI_4,False,UnkA-C20-S2-1MI_4,3.0,2017-03-02 02:59:00,9.856e-08,47.0,,1.0296130363502742,39.93868968002714,100.97508968002714,2.1193836012601355,2.058427318260102,False,87.08810010002243,True
16,46.04,0.2346,14.29,41.04557248148568,0.3247,0.0684,0.1969,0.0368,101.0513,UnkA-C20-S2-1MI_5_1,UnkA-C20-S2-1MI_5,False,UnkA-C20-S2-1MI_5,1.0,2017-03-02 03:02:00,9.858e-08,50.0,,1.0297434139860933,41.04557248148568,102.23687248148568,2.039411843943324,1.9805048677600634,False,85.16999837101358,True
17,46.13,0.2272,14.3,40.07408022994517,0.3221,0.0279,0.2127,0.028,100.1578,UnkA-C20-S2-1MI_5_2,UnkA-C20-S2-1MI_5,False,UnkA-C20-S2-1MI_5,2.0,2017-03-02 03:06:00,9.859e-08,54.0,,1.0299172508338517,40.07408022994517,101.32188022994517,2.0929618299329005,2.032165038733331,False,85.18582232896033,True
18,46.22,0.232,14.39,40.007049889762,0.3174,0.0152,0.2109,0.0279,100.2533,UnkA-C20-S2-1MI_5_3,UnkA-C20-S2-1MI_5,False,UnkA-C20-S2-1MI_5,3.0,2017-03-02 03:09:00,9.856e-08,57.0,,1.0300476284696705,40.007049889762,101.420349889762,2.1020639551718228,2.0407444248911424,False,85.13116111466873,True
19,47.27,0.2178,12.77,39.962290639663074,0.3511,0.0395,0.2204,0.0288,99.6877,UnkA-C20-S2-1MI_6_1,UnkA-C20-S2-1MI_6,False,UnkA-C20-S2-1MI_6,1.0,2017-03-02 03:13:00,9.863e-08,61.0,,1.030221465317429,39.962290639663074,100.85999063966308,2.111017525476228,2.0490909930961174,False,86.83929301340093,True
20,47.43,0.1987,12.72,40.03947261716321,0.3528,0.04,0.2165,0.0268,99.8449,UnkA-C20-S2-1MI_6_2,UnkA-C20-S2-1MI_6,False,UnkA-C20-S2-1MI_6,2.0,2017-03-02 03:16:00,9.86e-08,64.0,,1.0303518429532479,40.03947261716321,101.02437261716321,2.1118266562391685,2.04961700285423,False,86.92252322683902,True
21,47.19,0.2171,13.04,39.972405336649906,0.3694,0.0311,0.2205,0.0313,99.8895,UnkA-C20-S2-1MI_6_3,UnkA-C20-S2-1MI_6,False,UnkA-C20-S2-1MI_6,3.0,2017-03-02 03:19:00,9.865e-08,67.0,,1.030482220589067,39.972405336649906,101.0719053366499,2.1142564479285353,2.0517156004107835,False,86.57865353938146,True
22,46.25,0.234,14.17,39.90700254395387,0.3421,0.039,0.2248,0.03,100.0098,UnkA-C20-S2-1MI_7_1,UnkA-C20-S2-1MI_7,False,UnkA-C20-S2-1MI_7,1.0,2017-03-02 03:23:00,9.856e-08,71.0,,1.0306560574368253,39.90700254395387,101.19680254395388,2.10599790610671,2.0433566473612834,False,85.33324549663756,True
23,46.38,0.2387,14.22,40.0357451382215,0.337,0.0224,0.2264,0.0282,100.2926,UnkA-C20-S2-1MI_7_2,UnkA-C20-S2-1MI_7,False,UnkA-C20-S2-1MI_7,2.0,2017-03-02 03:26:00,9.861e-08,74.0,,1.0307864350726441,40.0357451382215,101.48834513822149,2.1055524774304217,2.0426660710586804,False,85.32428827304062,True
24,46.21,0.2271,14.02,41.08376683602805,0.3371,0.0231,0.2206,0.0392,100.927,UnkA-C20-S2-1MI_7_3,UnkA-C20-S2-1MI_7,False,UnkA-C20-S2-1MI_7,3.0,2017-03-02 03:30:00,9.862e-08,78.0,,1.0309602719204027,41.08376683602805,102.16076683602805,2.0412692879990164,1.9799689120868633,False,85.45518763047774,True
28,47.08,0.199,12.55,41.66436258196829,0.3319,0.0536,0.2212,0.0444,100.89,UnkA-C20-S2-3MI_1_1,UnkA-C20-S2-3MI_1,False,UnkA-C20-S2-3MI_1,1.0,2017-03-02 03:43:00,9.857e-08,91.0,,1.031040895371648,41.66436258196829,102.1443625819683,2.0139391918889364,1.9533067998849782,False,86.99112176141645,True
29,46.88,0.2194,12.85,41.59717126187505,0.3747,0.0302,0.22,0.0396,100.9638,UnkA-C20-S2-3MI_1_2,UnkA-C20-S2-3MI_1,False,UnkA-C20-S2-3MI_1,2.0,2017-03-02 03:47:00,9.864e-08,95.0,,1.0309088292905835,41.59717126187505,102.21097126187505,2.017303449838659,1.9568204214788412,False,86.6723456509429,True
30,47.22,0.192,12.39,41.77872037244819,0.3117,0.0331,0.2166,0.0327,100.926,UnkA-C20-S2-3MI_1_3,UnkA-C20-S2-3MI_1,False,UnkA-C20-S2-3MI_1,3.0,2017-03-02 03:50:00,9.868e-08,98.0,,1.030809779729785,41.77872037244819,102.17472037244819,2.0090527476463946,1.9490043528429122,False,87.16888337636388,True
31,45.83,0.229,14.21,41.41263053440559,0.354,0.02,0.2329,0.0366,101.0924,UnkA-C20-S2-3MI_2_1,UnkA-C20-S2-3MI_2,False,UnkA-C20-S2-3MI_2,1.0,2017-03-02 03:54:00,9.866e-08,102.0,,1.0306777136487204,41.41263053440559,102.32503053440558,2.015097039978728,1.955118475245814,False,85.18315935096425,True
32,46.12,0.2321,13.96,41.4601796562571,0.3495,0.0286,0.2383,0.0368,101.1952,UnkA-C20-S2-3MI_2_2,UnkA-C20-S2-3MI_2,False,UnkA-C20-S2-3MI_2,2.0,2017-03-02 03:57:00,9.868e-08,105.0,,1.030578664087922,41.4601796562571,102.42537965625709,2.0181951891705947,1.9583126058181388,False,85.48423881440578,True
33,46.62,0.2274,13.94,41.25009896952076,0.3399,0.0284,0.2447,0.0288,101.4591,UnkA-C20-S2-3MI_2_3,UnkA-C20-S2-3MI_2,False,UnkA-C20-S2-3MI_2,3.0,2017-03-02 04:00:00,9.862e-08,108.0,,1.0304796145271236,41.25009896952076,102.67919896952077,2.046253627504086,1.985729361995279,False,85.63517498433168,True
34,44.92,0.2532,15.53,41.255115839780196,0.3491,0.0094,0.2182,0.0357,101.3555,UnkA-C20-S2-3MI_3_1,UnkA-C20-S2-3MI_3,False,UnkA-C20-S2-3MI_3,1.0,2017-03-02 04:04:00,9.868e-08,112.0,,1.030347548446059,41.255115839780196,102.5706158397802,2.015917893398468,1.9565416508621956,False,83.75561462174775,True
35,44.96,0.2596,15.77,41.15842753046617,0.3486,0.0103,0.1946,0.0316,101.5247,UnkA-C20-S2-3MI_3_2,UnkA-C20-S2-3MI_3,False,UnkA-C20-S2-3MI_3,2.0,2017-03-02 04:07:00,9.863e-08,115.0,,1.0302484988852607,41.15842753046617,102.73312753046616,2.0266232503159953,1.967120799019675,False,83.55811295791288,True
36,44.97,0.2526,15.79,41.216279467471736,0.3502,0.0254,0.1998,0.0375,101.6354,UnkA-C20-S2-3MI_3_3,UnkA-C20-S2-3MI_3,False,UnkA-C20-S2-3MI_3,3.0,2017-03-02 04:10:00,9.86e-08,118.0,,1.0301494493244623,41.216279467471736,102.84167946747175,2.024373933688204,1.9651264532692032,False,83.54375071711631,True
37,47.1,0.2149,13.1,41.42729915404945,0.3389,0.0418,0.2219,0.0285,101.266,UnkA-C20-S2-3MI_4_1,UnkA-C20-S2-3MI_4,False,UnkA-C20-S2-3MI_4,1.0,2017-03-02 04:14:00,9.866e-08,122.0,,1.0300173832433976,41.42729915404945,102.47329915404946,2.036166096890142,1.9768269254626616,False,86.50294741485504,True
38,47.23,0.2179,12.93,41.43361456405096,0.3381,0.0396,0.2057,0.0302,101.2214,UnkA-C20-S2-3MI_4_2,UnkA-C20-S2-3MI_4,False,UnkA-C20-S2-3MI_4,2.0,2017-03-02 04:17:00,9.864e-08,125.0,,1.0299183336825992,41.43361456405096,102.42501456405097,2.036661190274683,1.977497752654185,False,86.68656773338604,True
39,47.15,0.2042,13.06,41.4077058202577,0.3342,0.0243,0.1993,0.0262,101.2082,UnkA-C20-S2-3MI_4_3,UnkA-C20-S2-3MI_4,False,UnkA-C20-S2-3MI_4,3.0,2017-03-02 04:21:00,9.868e-08,129.0,,1.0297862676015346,41.4077058202577,102.40590582025771,2.036891511523304,1.9779750183185185,False,86.55096723993208,True
40,44.08,0.3071,17.13,40.72412947351111,0.3816,0.014,0.1667,0.0323,101.6616,UnkA-C21MI_1_1,UnkA-C21MI_1,False,UnkA-C21MI_1,1.0,2017-03-02 04:24:00,9.856e-08,132.0,,1.0296872180407362,40.72412947351111,102.83572947351112,2.044051904052111,1.985119236442969,False,82.10123340861519,True
41,43.98,0.3095,17.31,39.55677743299921,0.3941,0.0024,0.1542,0.0337,100.6038,UnkA-C21MI_1_2,UnkA-C21MI_1,False,UnkA-C21MI_1,2.0,2017-03-02 04:27:00,9.863e-08,135.0,,1.0295881684799377,39.55677743299921,101.74057743299922,2.1043488459717548,2.0438743474282255,False,81.91348502542162,True
42,43.88,0.3074,17.44,39.36640135573292,0.3855,0.0138,0.1496,0.0296,100.4458,UnkA-C21MI_1_3,UnkA-C21MI_1,False,UnkA-C21MI_1,3.0,2017-03-02 04:31:00,9.862e-08,139.0,,1.0294561023988733,39.36640135573292,101.57220135573291,2.1128146609368246,2.0523601307656274,False,81.76846097830656,True
43,43.87,0.3095,17.39,39.45525583528341,0.3858,0.014,0.1561,0.028,100.4834,UnkA-C21MI_2_1,UnkA-C21MI_2,False,UnkA-C21MI_2,1.0,2017-03-02 04:34:00,9.864e-08,142.0,,1.0293570528380749,39.45525583528341,101.60865583528341,2.1065650464992256,2.0464862417672705,False,81.80783134487136,True
44,43.79,0.3137,17.61,39.635454240012464,0.3749,0.0127,0.1435,0.0244,100.7792,UnkA-C21MI_2_2,UnkA-C21MI_2,False,UnkA-C21MI_2,2.0,2017-03-02 04:38:00,9.862e-08,146.0,,1.0292249867570102,39.635454240012464,101.90465424001246,2.097925424173327,2.0383545397432394,False,81.5925868811424,True
45,42.86,0.3396,18.51,40.516688147414854,0.4001,0.0,0.142,0.0238,101.6455,UnkA-C21MI_2_3,UnkA-C21MI_2,False,UnkA-C21MI_2,3.0,2017-03-02 04:41:00,9.862e-08,149.0,,1.0291259371962118,40.516688147414854,102.79218814741486,2.0372137192624162,1.9795572588644255,False,80.49735525489179,True
46,45.76,0.3122,14.79,39.86450162699592,0.323,0.0146,0.2382,0.0211,100.1991,UnkA-C21MI_3_1,UnkA-C21MI_3,False,UnkA-C21MI_3,1.0,2017-03-02 04:44:00,9.858e-08,152.0,,1.0290268876354134,39.86450162699592,101.32360162699592,2.1008989487483105,2.041636592777412,False,84.65124499520763,True
47,45.19,0.3192,15.51,41.02203653537188,0.3355,0.0198,0.2201,0.0229,101.4874,UnkA-C21MI_3_2,UnkA-C21MI_3,False,UnkA-C21MI_3,2.0,2017-03-02 04:48:00,9.866e-08,156.0,,1.0288948215543487,41.02203653537188,102.63943653537189,2.035264436902763,1.978107377222576,False,83.85443836260514,True
48,46.41,0.3274,13.9,39.90698799562982,0.3197,0.0302,0.2437,0.0221,100.043,UnkA-C21MI_3_3,UnkA-C21MI_3,False,UnkA-C21MI_3,3.0,2017-03-02 04:51:00,9.851e-08,159.0,,1.0287957719935503,39.90698799562982,101.15998799562982,2.1043380042717352,2.045438036933269,False,85.61497525524189,True
49,41.84,0.3661,19.9,40.62192974648407,0.292,0.0068,0.1305,0.0226,102.0479,UnkA-C21MI_4_1,UnkA-C21MI_4,False,UnkA-C21MI_4,1.0,2017-03-02 04:55:00,9.849e-08,163.0,,1.028663705912486,40.62192974648407,103.17982974648407,2.0193558550273196,1.9630865203278762,False,78.93778726871444,True
50,41.75,0.3593,19.9,40.597446986201106,0.2976,0.0,0.1363,0.0298,101.9429,UnkA-C21MI_4_2,UnkA-C21MI_4,False,UnkA-C21MI_4,2.0,2017-03-02 04:58:00,9.866e-08,166.0,,1.0285646563516875,40.597446986201106,103.0703469862011,2.017104118907859,1.9610863609318587,False,78.901962958873,True
51,41.76,0.3678,19.81,40.60382215610429,0.3137,0.0044,0.1252,0.0331,101.8941,UnkA-C21MI_4_3,UnkA-C21MI_4,False,UnkA-C21MI_4,3.0,2017-03-02 05:01:00,9.861e-08,169.0,,1.028465606790889,40.60382215610429,103.01792215610429,2.0154574485054195,1.9596741351363527,False,78.98129779331256,True
52,41.94,0.3553,19.8,39.2309245780798,0.2958,0.0036,0.1426,0.029,100.7162,UnkA-C21MI_4_4,UnkA-C21MI_4,False,UnkA-C21MI_4,4.0,2017-03-02 05:05:00,9.865e-08,173.0,,1.0283335407098244,39.2309245780798,101.7971245780798,2.0921223048067565,2.0344783302143723,False,79.06097040526721,True
53,41.79,0.3699,20.18,40.46102722671417,0.2928,0.0042,0.1385,0.0306,102.1559,UnkA-C21MI_5_1,UnkA-C21MI_5,False,UnkA-C21MI_5,1.0,2017-03-02 05:08:00,9.862e-08,176.0,,1.028234491149026,40.46102722671417,103.26692722671417,2.03086411034032,1.975098217208101,False,78.68449606990126,True
54,41.74,0.3661,19.84,40.43526837792292,0.2929,0.0013,0.1464,0.0289,101.7456,UnkA-C21MI_5_2,UnkA-C21MI_5,False,UnkA-C21MI_5,2.0,2017-03-02 05:12:00,9.868e-08,180.0,,1.0281024250679613,40.43526837792292,102.85086837792292,2.0228543509586676,1.9675611122354368,False,78.94820511685352,True
55,41.79,0.3734,20.19,39.20804874184319,0.2951,0.0104,0.1277,0.0351,100.9616,UnkA-C21MI_5_3,UnkA-C21MI_5,False,UnkA-C21MI_5,3.0,2017-03-02 05:15:00,9.862e-08,183.0,,1.028003375507163,39.20804874184319,102.0296487418432,2.0954275551453203,2.0383469598157173,False,78.67618575004714,True
56,41.86,0.3671,19.91,39.18371290507541,0.296,0.0103,0.1337,0.0258,100.7228,UnkA-C21MI_6_1,UnkA-C21MI_6,False,UnkA-C21MI_6,1.0,2017-03-02 05:18:00,9.865e-08,186.0,,1.0279043259463645,39.18371290507541,101.78651290507543,2.0931334790038796,2.036311577030077,False,78.93738010921648,True
57,41.88,0.3639,19.87,39.01423498448679,0.2888,0.0,0.132,0.0245,100.5191,UnkA-C21MI_6_2,UnkA-C21MI_6,False,UnkA-C21MI_6,2.0,2017-03-02 05:22:00,9.867e-08,190.0,,1.0277722598653,39.01423498448679,101.57333498448679,2.101549492298507,2.0447618352473698,False,78.97872864065396,True
58,41.8,0.3682,19.89,39.010475063158886,0.3031,0.0087,0.1382,0.039,100.5071,UnkA-C21MI_6_3,UnkA-C21MI_6,False,UnkA-C21MI_6,3.0,2017-03-02 05:25:00,9.865e-08,193.0,,1.0276732103045016,39.010475063158886,101.55757506315888,2.0994793128226172,2.0429444805713453,False,78.9302406909874,True
62,45.9,0.2469,14.83,41.101956851608236,0.346,0.0156,0.1944,0.0308,101.6036,UnkA-C21MI_7_1,UnkA-C21MI_7,False,UnkA-C21MI_7,1.0,2017-03-02 05:39:00,9.865e-08,207.0,,1.0265223988913146,41.101956851608236,102.66555685160824,2.0370900565993737,1.9844574836355378,False,84.65584250045627,True
63,46.06,0.2432,14.64,39.782992002850165,0.3412,0.0143,0.1905,0.0273,100.2864,UnkA-C21MI_7_2,UnkA-C21MI_7,False,UnkA-C21MI_7,2.0,2017-03-02 05:42:00,9.864e-08,210.0,,1.026128243560747,39.782992002850165,101.29939200285017,2.1055789438212336,2.0519647100977423,False,84.86733689900137,True
64,45.96,0.2528,14.74,40.911291827456424,0.3428,0.017,0.1889,0.0289,101.4203,UnkA-C21MI_7_3,UnkA-C21MI_7,False,UnkA-C21MI_7,3.0,2017-03-02 05:46:00,9.864e-08,214.0,,1.0256027031199906,40.911291827456424,102.44159182745642,2.045034052092373,1.9939827048731107,False,84.7516375125538,True
65,43.23,0.3224,18.07,40.38296469742537,0.3887,0.0114,0.1573,0.0295,101.5993,UnkA-C21MI_8_1,UnkA-C21MI_8,False,UnkA-C21MI_8,1.0,2017-03-02 05:49:00,9.869e-08,217.0,,1.025208547789423,40.38296469742537,102.59226469742538,2.0404731251319284,1.9903005388822022,False,81.00489047078312,True
66,42.66,0.3365,18.5,40.469920358200206,0.3509,0.0032,0.1384,0.0316,101.5105,UnkA-C21MI_8_2,UnkA-C21MI_8,False,UnkA-C21MI_8,2.0,2017-03-02 05:52:00,9.866e-08,220.0,,1.0248143924588555,40.469920358200206,102.4904203582002,2.0217865215435853,1.9728318966058591,False,80.43232791977798,True
67,42.75,0.333,18.69,39.15856281265192,0.3902,0.0,0.119,0.0277,100.5399,UnkA-C21MI_8_3,UnkA-C21MI_8,False,UnkA-C21MI_8,3.0,2017-03-02 05:56:00,9.87e-08,224.0,,1.024288852018099,39.15856281265192,101.46846281265192,2.0967030131087547,2.046984118764681,False,80.30436524507124,True
68,42.1,0.3705,19.49,40.47455736005812,0.3161,0.0037,0.1083,0.0226,101.9411,UnkA-C21MI_9_1,UnkA-C21MI_9,False,UnkA-C21MI_9,1.0,2017-03-02 05:59:00,9.865e-08,227.0,,1.0238946966875315,40.47455736005812,102.88565736005813,2.0187393302128642,1.9716278800386597,False,79.38339848514812,True
69,42.17,0.3649,19.33,39.46111466487565,0.3123,0.0042,0.1292,0.0279,100.8985,UnkA-C21MI_9_2,UnkA-C21MI_9,False,UnkA-C21MI_9,2.0,2017-03-02 06:03:00,9.863e-08,231.0,,1.023369156246775,39.46111466487565,101.79961466487565,2.0689654409884994,2.021719560687629,False,79.5450261763884,True
70,42.13,0.3771,19.44,40.33590428612606,0.3307,0.0082,0.1223,0.0284,101.8667,UnkA-C21MI_9_3,UnkA-C21MI_9,False,UnkA-C21MI_9,3.0,2017-03-02 06:06:00,9.864e-08,234.0,,1.0229750009162075,40.33590428612606,102.77260428612605,2.0247570032337454,1.9792829750681216,False,79.43704489970688,True
71,44.8,0.2985,15.85,40.85210478114633,0.3471,0.0125,0.1936,0.0279,101.4795,UnkA-C21MI_10_1,UnkA-C21MI_10,False,UnkA-C21MI_10,1.0,2017-03-02 06:09:00,9.865e-08,237.0,,1.0225808455856402,40.85210478114633,102.38160478114634,2.0230918017235084,1.9784174624988868,False,83.43927261822225,True
72,45.86,0.2844,14.41,40.88221220579534,0.3241,0.0248,0.2321,0.0245,101.1598,UnkA-C21MI_10_2,UnkA-C21MI_10,False,UnkA-C21MI_10,2.0,2017-03-02 06:13:00,9.866e-08,241.0,,1.0220553051448835,40.88221220579534,102.04201220579534,2.0298207150419043,1.9860184716268,False,85.01422591634098,True
73,44.85,0.2955,15.85,40.682546985606066,0.3525,0.0123,0.201,0.0269,101.4081,UnkA-C21MI_10_3,UnkA-C21MI_10,False,UnkA-C21MI_10,3.0,2017-03-02 06:16:00,9.864e-08,244.0,,1.021661149814316,40.682546985606066,102.27064698560608,2.0317994365533676,1.9887214434283238,False,83.45468031286433,True
74,45.14,0.3078,15.45,41.192610482129396,0.3708,0.0259,0.2117,0.0232,101.8693,UnkA-C21MI_11_1,UnkA-C21MI_11,False,UnkA-C21MI_11,1.0,2017-03-02 06:20:00,9.858e-08,248.0,,1.0211356093735595,41.192610482129396,102.72191048212939,2.0089907096878705,1.967408335627757,False,83.89189102607283,True
75,44.9,0.2939,15.94,40.982769379826124,0.3675,0.0155,0.2037,0.0251,101.8957,UnkA-C21MI_11_2,UnkA-C21MI_11,False,UnkA-C21MI_11,2.0,2017-03-02 06:23:00,9.859e-08,251.0,,1.020741454042992,40.982769379826124,102.72846937982612,2.019251524703659,1.9782203580600455,False,83.39178711433868,True
76,45.09,0.3033,15.59,41.130199611097844,0.3864,0.0084,0.2115,0.0203,101.9199,UnkA-C21MI_11_3,UnkA-C21MI_11,False,UnkA-C21MI_11,3.0,2017-03-02 06:26:00,9.862e-08,254.0,,1.0203472987124247,41.130199611097844,102.74009961109783,2.011857422430445,1.9717378827475758,False,83.754544060372,True
77,45.42,0.2905,15.31,41.20079903417538,0.349,0.026,0.2077,0.0193,102.0225,UnkA-C21MI_12_1,UnkA-C21MI_12,False,UnkA-C21MI_12,1.0,2017-03-02 06:30:00,9.86e-08,258.0,,1.019821758271668,41.20079903417538,102.82329903417538,2.012420509420939,1.9733061126597917,False,84.097395667932,True
78,44.88,0.299,15.78,41.04215529440871,0.3909,0.0041,0.1972,0.0276,101.8387,UnkA-C21MI_12_2,UnkA-C21MI_12,False,UnkA-C21MI_12,2.0,2017-03-02 06:33:00,9.862e-08,261.0,,1.0194276029411007,41.04215529440871,102.62085529440871,2.010270402884341,1.9719599479988652,False,83.52490945497915,True
79,44.63,0.3036,16.18,40.99042997438884,0.3528,0.0058,0.1971,0.0214,101.9206,UnkA-C21MI_12_3,UnkA-C21MI_12,False,UnkA-C21MI_12,3.0,2017-03-02 06:37:00,9.862e-08,265.0,,1.018902062500344,40.99042997438884,102.68102997438884,2.0099008705070305,1.972614390017835,False,83.09923696994797,True
80,45.18,0.2802,15.54,40.96438802636841,0.3536,0.0176,0.1672,0.0379,101.7964,UnkA-C21MI_13_1,UnkA-C21MI_13,False,UnkA-C21MI_13,1.0,2017-03-02 06:40:00,9.862e-08,268.0,,1.0185079071697765,40.96438802636841,102.54078802636842,2.0164092714531456,1.979767910743404,False,83.82525891861428,True
81,44.12,0.3148,17.1,40.724550073568366,0.3635,0.014,0.1673,0.0209,102.1004,UnkA-C21MI_13_2,UnkA-C21MI_13,False,UnkA-C21MI_13,2.0,2017-03-02 06:43:00,9.863e-08,271.0,,1.0181137518392092,40.724550073568366,102.82495007356836,2.021610137571053,1.9856426984892805,False,82.14028723957773,True
82,43.87,0.3188,17.2,40.56106610634232,0.3628,0.0122,0.1697,0.0402,101.8336,UnkA-C21MI_13_3,UnkA-C21MI_13,False,UnkA-C21MI_13,3.0,2017-03-02 06:47:00,9.864e-08,275.0,,1.0175882113984525,40.56106610634232,102.53466610634231,2.021573326269102,1.986632022290128,False,81.97075999306615,True
83,42.17,0.344,19.45,39.406097732069874,0.3136,0.0,0.1031,0.0278,101.1485,UnkA-C21MI_14_1,UnkA-C21MI_14,False,UnkA-C21MI_14,1.0,2017-03-02 06:50:00,9.866e-08,278.0,,1.0171940560678852,39.406097732069874,101.81459773206987,2.0609798626191673,2.0261422590161327,False,79.44414498201408,True
84,42.27,0.353,19.33,40.24990653367802,0.3083,0.0057,0.1153,0.035,102.0072,UnkA-C21MI_14_2,UnkA-C21MI_14,False,UnkA-C21MI_14,2.0,2017-03-02 06:54:00,9.868e-08,282.0,,1.0166685156271285,40.24990653367802,102.66710653367801,2.018258089182259,1.9851682806733744,False,79.58353763082486,True
85,42.18,0.3589,19.43,40.36641759097941,0.3049,0.0067,0.115,0.0278,102.1432,UnkA-C21MI_14_3,UnkA-C21MI_14,False,UnkA-C21MI_14,3.0,2017-03-02 06:57:00,9.866e-08,285.0,,1.0162743602965612,40.36641759097941,102.7896175909794,2.010408174555078,1.978214007060472,False,79.46481018745617,True
86,42.5,0.3624,18.9,39.40599315063089,0.3268,0.0013,0.1137,0.0267,101.0208,UnkA-C21MI_15_1,UnkA-C21MI_15,False,UnkA-C21MI_15,1.0,2017-03-02 07:00:00,9.862e-08,288.0,,1.0158802049659936,39.40599315063089,101.6367931506309,2.060133988506102,2.0279300437545826,False,80.03348574811207,True
87,42.54,0.3608,19.04,39.38560743693394,0.3304,0.0,0.1255,0.0212,101.2079,UnkA-C21MI_15_2,UnkA-C21MI_15,False,UnkA-C21MI_15,2.0,2017-03-02 07:04:00,9.861e-08,292.0,,1.015354664525237,39.38560743693394,101.80350743693393,2.0649988690290693,2.033770997639164,False,79.93038618633562,True
88,42.45,0.3611,18.83,39.319570126201505,0.3263,0.0055,0.1132,0.0319,100.8579,UnkA-C21MI_15_3,UnkA-C21MI_15,False,UnkA-C21MI_15,3.0,2017-03-02 07:07:00,9.862e-08,295.0,,1.0149605091946696,39.319570126201505,101.4374701262015,2.0593050598897076,2.02895092098084,False,80.07393867809226,True
92,43.22,0.3358,18.02,39.19322074234262,0.3862,0.0001,0.1259,0.0293,100.8172,UnkA-C21MI_16_1,UnkA-C21MI_16,False,UnkA-C21MI_16,1.0,2017-03-02 07:21:00,9.862e-08,309.0,,1.012744722024357,39.19322074234262,101.31042074234261,2.074959313411581,2.04884732379941,False,81.04393498590177,True
93,43.12,0.3379,18.32,38.91836670402855,0.3811,0.0051,0.1499,0.0236,100.7875,UnkA-C21MI_16_2,UnkA-C21MI_16,False,UnkA-C21MI_16,2.0,2017-03-02 07:24:00,9.862e-08,312.0,,1.0121811886613405,38.91836670402855,101.25586670402853,2.0915048756743584,2.066334465710113,False,80.75300063403046,True
94,43.18,0.3211,18.21,38.849019034517475,0.3881,0.0033,0.1381,0.0294,100.6799,UnkA-C21MI_16_3,UnkA-C21MI_16,False,UnkA-C21MI_16,3.0,2017-03-02 07:28:00,9.863e-08,316.0,,1.0114298108439854,38.849019034517475,101.11891903451749,2.0931942895579274,2.0695398406452603,False,80.86795425850565,True
95,44.14,0.308,16.69,40.434651099238756,0.3999,0.0195,0.1594,0.032,101.7487,UnkA-C21MI_17_1,UnkA-C21MI_17,False,UnkA-C21MI_17,1.0,2017-03-02 07:31:00,9.86e-08,319.0,,1.010866277480969,40.434651099238756,102.18335109923876,2.014455484383931,1.9928011540793102,False,82.50008132433437,True
96,43.39,0.3164,17.68,40.19247185761518,0.3881,0.007,0.1562,0.0303,101.7579,UnkA-C21MI_17_2,UnkA-C21MI_17,False,UnkA-C21MI_17,2.0,2017-03-02 07:35:00,9.862e-08,323.0,,1.0101148996636136,40.19247185761518,102.16037185761519,2.0175920625590527,1.997388676506947,False,81.39436154687722,True
97,43.65,0.2989,17.31,40.29119502905684,0.3941,0.0098,0.134,0.0231,101.7299,UnkA-C21MI_17_3,UnkA-C21MI_17,False,UnkA-C21MI_17,3.0,2017-03-02 07:38:00,9.865e-08,326.0,,1.0095513663005973,40.29119502905684,102.11109502905684,2.0128263819878813,1.9937830299449624,False,81.80163230429596,True
98,44.4,0.2911,16.71,40.42005258747949,0.3852,0.0066,0.1518,0.0341,102.0388,UnkA-C21MI_18_1,UnkA-C21MI_18,False,UnkA-C21MI_18,1.0,2017-03-02 07:41:00,9.86e-08,329.0,,1.0089878329375808,40.42005258747949,102.39885258747948,2.020628244032116,2.002628949597174,False,82.56748054612368,True
99,44.36,0.2846,16.96,40.238716923848195,0.384,0.0106,0.1547,0.0282,102.092,UnkA-C21MI_18_2,UnkA-C21MI_18,False,UnkA-C21MI_18,2.0,2017-03-02 07:45:00,9.858e-08,333.0,,1.0082364551202254,40.238716923848195,102.4207169238482,2.0318555800820377,2.015257006194794,False,82.33959419490898,True
100,44.37,0.2883,16.78,40.38753070402894,0.3895,0.0083,0.1595,0.0302,102.1058,UnkA-C21MI_18_3,UnkA-C21MI_18,False,UnkA-C21MI_18,3.0,2017-03-02 07:48:00,9.866e-08,336.0,,1.0076729217572091,40.38753070402894,102.41333070402894,2.02017504732402,2.0047924318549515,False,82.49747089779103,True
101,42.14,0.3373,19.34,38.947725319593545,0.27,0.0102,0.1568,0.0298,100.964,UnkA-C21MI_19_1,UnkA-C21MI_19,False,UnkA-C21MI_19,1.0,2017-03-02 07:52:00,9.86e-08,340.0,,1.0069215439398538,38.947725319593545,101.23172531959355,2.0604045917340295,2.046241441683865,False,79.52502430321826,True
102,42.2,0.3418,19.27,38.84541920826592,0.2663,0.0049,0.1455,0.0246,100.853,UnkA-C21MI_19_2,UnkA-C21MI_19,False,UnkA-C21MI_19,2.0,2017-03-02 07:55:00,9.862e-08,343.0,,1.0063580105768373,38.84541920826592,101.09841920826591,2.065236039614124,2.052188205299171,False,79.60711034018952,True
103,42.2,0.3374,19.36,39.09523132930121,0.2683,0.0035,0.1517,0.0322,101.2231,UnkA-C21MI_19_3,UnkA-C21MI_19,False,UnkA-C21MI_19,3.0,2017-03-02 07:58:00,9.861e-08,346.0,,1.0057944772138208,39.09523132930121,101.44833132930121,2.052914399894286,2.0410873656625372,False,79.53136115258022,True
104,46.04,0.2405,14.42,40.03086664896122,0.3438,0.0366,0.2062,0.0319,101.1489,UnkA-C21MI_20_1,UnkA-C21MI_20,False,UnkA-C21MI_20,1.0,2017-03-02 08:02:00,9.86e-08,350.0,,1.0050430993964656,40.03086664896122,101.34976664896122,2.044504642881831,2.034245739421094,False,85.05524817439536,True
105,46.1,0.236,14.4,39.948152341150276,0.3349,0.0308,0.2223,0.0315,101.1254,UnkA-C21MI_20_2,UnkA-C21MI_20,False,UnkA-C21MI_20,2.0,2017-03-02 08:05:00,9.865e-08,353.0,,1.0044795660334491,39.948152341150276,101.30355234115027,2.04940768513186,2.040268169142243,False,85.08941302327158,True
106,46.05,0.2411,14.31,39.94581893995651,0.3391,0.0294,0.2025,0.0267,100.9888,UnkA-C21MI_20_3,UnkA-C21MI_20,False,UnkA-C21MI_20,3.0,2017-03-02 08:08:00,9.863e-08,356.0,,1.0039160326704326,39.94581893995651,101.1446189399565,2.0444340111214894,2.036459170477896,False,85.15506995885612,True
107,46.57,0.2232,13.67,39.96607984934661,0.371,0.0267,0.1978,0.0347,100.9334,UnkA-C21MI_21_1,UnkA-C21MI_21,False,UnkA-C21MI_21,1.0,2017-03-02 08:12:00,9.86e-08,360.0,,1.0031646548530775,39.96607984934661,101.05947984934662,2.0482737785164966,2.0418121477939075,False,85.86107909595479,True
108,46.58,0.2194,13.81,40.87604772314979,0.3675,0.0358,0.1878,0.0237,101.9941,UnkA-C21MI_21_2,UnkA-C21MI_21,False,UnkA-C21MI_21,2.0,2017-03-02 08:15:00,9.864e-08,363.0,,1.002601121490061,40.87604772314979,102.10014772314979,2.00442005815365,1.9992198444528873,False,85.7395553518834,True
109,46.46,0.2225,13.83,40.84541404953621,0.4093,0.0373,0.1914,0.0269,101.9473,UnkA-C21MI_21_3,UnkA-C21MI_21,False,UnkA-C21MI_21,3.0,2017-03-02 08:19:00,9.86e-08,367.0,,1.0018497436727056,40.84541404953621,102.0227140495362,2.001676430371585,1.9979806782537968,False,85.69025045040705,True
110,45.95,0.2533,14.75,39.340535203067695,0.3542,0.0266,0.1771,0.031,100.8322,UnkA-C21MI_22_1,UnkA-C21MI_22,False,UnkA-C21MI_22,1.0,2017-03-02 08:22:00,9.857e-08,370.0,,1.0012862103096893,39.340535203067695,100.8827352030677,2.076177389984625,2.073510419505808,False,84.74005727009141,True
111,45.96,0.2547,14.58,39.08822776153704,0.3455,0.0179,0.2008,0.0341,100.4529,UnkA-C21MI_22_2,UnkA-C21MI_22,False,UnkA-C21MI_22,2.0,2017-03-02 08:25:00,9.86e-08,373.0,,1.0007226769466728,39.08822776153704,100.48112776153704,2.0854243035110707,2.083918303794169,False,84.89214945472195,True
112,45.83,0.2513,14.84,40.4388393367896,0.3465,0.0198,0.185,0.0471,101.9596,UnkA-C21MI_22_3,UnkA-C21MI_22,False,UnkA-C21MI_22,3.0,2017-03-02 08:29:00,9.86e-08,377.0,,0.9999712991293176,40.4388393367896,101.9584393367896,2.014485559970581,2.0145433791195893,False,84.62723940576292,True
113,43.27,0.3146,18.34,39.69647645623748,0.3249,0.0066,0.1652,0.0282,102.1694,UnkA-C21MI_23_1,UnkA-C21MI_23,False,UnkA-C21MI_23,1.0,2017-03-02 08:32:00,9.852e-08,380.0,,0.9994077657663011,39.69647645623748,102.14587645623747,2.0289793782441436,2.030181721360163,False,80.78998837287763,True
114,43.06,0.3182,18.32,39.71656454872958,0.3393,0.0119,0.1466,0.0331,101.999,UnkA-C21MI_23_2,UnkA-C21MI_23,False,UnkA-C21MI_23,2.0,2017-03-02 08:36:00,9.853e-08,384.0,,0.9986563879489458,39.71656454872958,101.94556454872958,2.018224511709175,2.0209398708741375,False,80.73134940926185,True
115,43.03,0.3161,18.31,39.534457970148665,0.3394,0.0008,0.1559,0.0254,101.7875,UnkA-C21MI_23_3,UnkA-C21MI_23,False,UnkA-C21MI_23,3.0,2017-03-02 08:39:00,9.856e-08,387.0,,0.9980928545859294,39.534457970148665,101.71195797014866,2.0251833420742544,2.0290530412768315,False,80.72900123119636,True
116,42.12,0.3706,19.46,39.532087000064045,0.3691,0.0011,0.091,0.0406,102.0824,UnkA-C21MI_24_1,UnkA-C21MI_24,False,UnkA-C21MI_24,1.0,2017-03-02 08:42:00,9.859e-08,390.0,,0.9975293212229129,39.532087000064045,101.98448700006405,2.0148485256604616,2.0198388987607645,False,79.41636303681555,True
117,42.03,0.3735,19.53,39.44250322055792,0.3527,0.0,0.0911,0.0326,101.9799,UnkA-C21MI_24_2,UnkA-C21MI_24,False,UnkA-C21MI_24,2.0,2017-03-02 08:46:00,9.864e-08,394.0,,0.9967779434055577,39.44250322055792,101.85240322055792,2.0156124460251057,2.0221278564196883,False,79.32254293649713,True
118,42.08,0.3657,19.58,38.46383837174252,0.3364,0.0,0.0916,0.0257,101.0894,UnkA-C21MI_24_3,UnkA-C21MI_24,False,UnkA-C21MI_24,3.0,2017-03-02 08:49:00,9.856e-08,397.0,,0.9962144100425413,38.46383837174252,100.94323837174252,2.068129226815814,2.075988066391751,False,79.30009660398669,True
119,42.01,0.3685,19.9,38.30541748002515,0.32,0.0013,0.0919,0.0299,101.2015,UnkA-C21MI_24_4,UnkA-C21MI_24,False,UnkA-C21MI_24,4.0,2017-03-02 08:53:00,9.863e-08,401.0,,0.995463032225186,38.30541748002515,101.02691748002515,2.0789702820715945,2.08844549196811,False,79.00512453740704,True
120,44.46,0.2868,16.78,39.000060355397046,0.376,0.0242,0.1676,0.0307,101.3253,UnkA-C21MI_25_1,UnkA-C21MI_25,False,UnkA-C21MI_25,1.0,2017-03-02 08:56:00,9.857e-08,404.0,,0.9948994988621696,39.000060355397046,101.12536035539705,2.068713415455385,2.0793189843007234,False,82.52671029351212,True
121,44.39,0.2787,16.71,39.723721821691164,0.3757,0.0221,0.1535,0.0329,101.9129,UnkA-C21MI_25_2,UnkA-C21MI_25,False,UnkA-C21MI_25,2.0,2017-03-02 08:59:00,9.851e-08,407.0,,0.994335965499153,39.723721821691164,101.68662182169115,2.0253353087799497,2.036872223326689,False,82.56423814313285,True
122,44.51,0.2908,16.67,38.42191600565512,0.3741,0.0082,0.1594,0.0303,100.7127,UnkA-C21MI_25_3,UnkA-C21MI_25,False,UnkA-C21MI_25,3.0,2017-03-02 09:03:00,9.861e-08,411.0,,0.9935845876817978,38.42191600565512,100.46461600565512,2.0964795980015665,2.1100162220642034,False,82.63748140229495,True
123,43.89,0.3024,17.23,39.37328480373968,0.3706,0.0096,0.1474,0.0299,101.6298,UnkA-C21MI_26_1,UnkA-C21MI_26,False,UnkA-C21MI_26,1.0,2017-03-02 09:06:00,9.86e-08,414.0,,0.9930210543187814,39.37328480373968,101.35308480373968,2.0330730232613385,2.0473614475939175,False,81.95173377449925,True
124,43.86,0.3078,17.11,39.509733909249,0.3638,0.0063,0.1474,0.0269,101.6321,UnkA-C21MI_26_2,UnkA-C21MI_26,False,UnkA-C21MI_26,2.0,2017-03-02 09:09:00,9.863e-08,417.0,,0.9924575209557649,39.509733909249,101.33183390924899,2.02118946892955,2.036550105422232,False,82.04480536578416,True
125,43.65,0.3096,17.5,39.07322203965334,0.3799,0.0081,0.1461,0.0315,101.4252,UnkA-C21MI_26_3,UnkA-C21MI_26,False,UnkA-C21MI_26,3.0,2017-03-02 09:13:00,9.863e-08,421.0,,0.9917061431384097,39.07322203965334,101.09842203965334,2.0430046192933218,2.0600907168205222,False,81.63855846491559,True
