sample,oxide,n,mean,2SD,2RSD%,2SE
UnkA-C20-S2-1MI_1,SiO2,3,40.07391082499482,1.3290396672221603,3.3164710901967034,0.7673214096344049
UnkA-C20-S2-1MI_1,MgO,3,46.01333333333333,0.5700292390161541,1.2388349152770664,0.3291065345919341
UnkA-C20-S2-1MI_1,FeO,3,14.433333333333332,0.9669195071635153,6.699211366028975,0.5582512377455559
UnkA-C20-S2-1MI_1,MnO,3,0.24026666666666666,0.03703637851266416,15.414696939233142,0.02138296310409553
UnkA-C20-S2-1MI_1,CaO,3,0.34780000000000005,0.019062004091910185,5.480737231716557,0.011005453193758093
UnkA-C20-S2-1MI_1,Cr2O3,3,0.028833333333333332,0.011754715365900323,40.76779895687974,0.006786588080749982
UnkA-C20-S2-1MI_1,NiO,3,0.20323333333333335,0.012215290963924402,6.010476118053666,0.007052501526251358
UnkA-C20-S2-1MI_1,Al2O3,3,0.03153333333333334,0.011800564958226928,37.42251043835177,0.006813059355221982
UnkA-C20-S2-1MI_1,Fo,3,85.03604701813966,1.0095710059337413,1.1872271128952905,0.5828760920418868
UnkA-C20-S2-1MI_2,SiO2,3,40.28961364407259,1.6165659394866743,4.0123639649855605,0.9333247803254117
UnkA-C20-S2-1MI_2,MgO,3,44.79,0.5211525688318102,1.1635467042460599,0.3008875759039106
UnkA-C20-S2-1MI_2,FeO,3,15.303333333333333,0.15275252316519355,0.9981650391975183,0.08819171036881905
UnkA-C20-S2-1MI_2,MnO,3,0.24966666666666668,0.0063287702860297815,2.534887965031955,0.0036539172282785996
UnkA-C20-S2-1MI_2,CaO,3,0.3409,0.007597367965289022,2.228620699703439,0.004386342439892257
UnkA-C20-S2-1MI_2,Cr2O3,3,0.011166666666666667,0.012703280416228454,113.76072014532943,0.0073342423679008
UnkA-C20-S2-1MI_2,NiO,3,0.1900666666666667,0.01719806190631182,9.048436639588822,0.00992930567114898
UnkA-C20-S2-1MI_2,Al2O3,3,0.04103333333333334,0.014006189108152628,34.133685885018586,0.008086477051912724
UnkA-C20-S2-1MI_2,Fo,3,83.91524051507554,0.27004918153473983,0.3218118423747173,0.15591296765352017
UnkA-C20-S2-1MI_3,SiO2,3,40.53025877075208,1.3710122283737836,3.382688070482169,0.7915542791138727
UnkA-C20-S2-1MI_3,MgO,3,47.23666666666667,0.17009801096230145,0.36009740518446426,0.09820613241770466
UnkA-C20-S2-1MI_3,FeO,3,12.856666666666667,0.20526405757787577,1.5965573573596767,0.11850925889754142
UnkA-C20-S2-1MI_3,MnO,3,0.21093333333333333,0.012528899925106486,5.939743959437335,0.007233563744410112
UnkA-C20-S2-1MI_3,CaO,3,0.3557666666666666,0.00666433292485704,1.8732314039699358,0.0038476544081354983
UnkA-C20-S2-1MI_3,Cr2O3,3,0.039099999999999996,0.012600000000000002,32.22506393861894,0.007274613391789286
UnkA-C20-S2-1MI_3,NiO,3,0.20803333333333332,0.01093678807206821,5.257228683897554,0.006314357537478469
UnkA-C20-S2-1MI_3,Al2O3,3,0.03456666666666667,0.020901993525339477,60.46864086404864,0.012067771588454563
UnkA-C20-S2-1MI_3,Fo,3,86.75374158369992,0.18587405125885298,0.21425479508514556,0.10731443352966508
UnkA-C20-S2-1MI_4,SiO2,3,40.78403870814254,1.4649784537290784,3.59203869977839,0.8458057046174852
UnkA-C20-S2-1MI_4,MgO,3,47.4,0.4853864439804623,1.0240220337140555,0.2802379940931152
UnkA-C20-S2-1MI_4,FeO,3,12.839999999999998,0.4715930449020629,3.672843028832266,0.27227437142216127
UnkA-C20-S2-1MI_4,MnO,3,0.20636666666666667,0.008814382186706748,4.271223802313075,0.005088985928235383
UnkA-C20-S2-1MI_4,CaO,3,0.35650000000000004,0.00923688259100431,2.590990909117618,0.005332916650389307
UnkA-C20-S2-1MI_4,Cr2O3,3,0.03563333333333333,0.00808537774833888,22.69048947148423,0.004668095019503262
UnkA-C20-S2-1MI_4,NiO,3,0.21886666666666668,0.0012220201853215696,0.5583400176613933,0.0007055336829505646
UnkA-C20-S2-1MI_4,Al2O3,3,0.032,0.016332789106579433,51.039965958060726,0.009429740187301024
UnkA-C20-S2-1MI_4,Fo,3,86.80786833298824,0.5279788554332916,0.6082154366560479,0.3048287343108414
UnkA-C20-S2-1MI_5,SiO2,3,40.37556753373095,1.1624168600603337,2.879010577595513,0.6711216870663933
UnkA-C20-S2-1MI_5,MgO,3,46.129999999999995,0.17999999999999794,0.390201604162146,0.10392304845413146
UnkA-C20-S2-1MI_5,FeO,3,14.326666666666668,0.11015141094572342,0.7688558232600518,0.0635959467611305
UnkA-C20-S2-1MI_5,MnO,3,0.23126666666666665,0.007508217720160558,3.2465628654484977,0.0043348715218690164
UnkA-C20-S2-1MI_5,CaO,3,0.32139999999999996,0.0074000000000000125,2.30242688238955,0.004272391992003238
UnkA-C20-S2-1MI_5,Cr2O3,3,0.03716666666666667,0.055568456279919576,149.51154156032175,0.03208246319166352
UnkA-C20-S2-1MI_5,NiO,3,0.20683333333333334,0.0172989402372901,8.363710026087075,0.009987547802694688
UnkA-C20-S2-1MI_5,Al2O3,3,0.0309,0.01021958903283297,33.073103666126116,0.005900282479113463
UnkA-C20-S2-1MI_5,Fo,3,85.16232727154754,0.05625287236119364,0.06605370492263138,0.03247761100042481
UnkA-C20-S2-1MI_6,SiO2,3,39.99138953115873,0.08389431789030201,0.2097809525346373,0.04843640701744591
UnkA-C20-S2-1MI_6,MgO,3,47.29666666666666,0.24440403706431246,0.516746854036886,0.14110673659011208
UnkA-C20-S2-1MI_6,FeO,3,12.843333333333334,0.3442867022313407,2.6806646942486947,0.19877402021167312
UnkA-C20-S2-1MI_6,MnO,3,0.21119999999999997,0.02166194820416668,10.256604263336497,0.012506531626847363
UnkA-C20-S2-1MI_6,CaO,3,0.35776666666666673,0.02022111108058441,5.652038874662557,0.011674663925688734
UnkA-C20-S2-1MI_6,Cr2O3,3,0.036866666666666666,0.010000666644445927,27.126582218207762,0.0057738875792465675
UnkA-C20-S2-1MI_6,NiO,3,0.21913333333333332,0.004562163229580172,2.081912030535521,0.0026339661686851246
UnkA-C20-S2-1MI_6,Al2O3,3,0.02896666666666667,0.004509249752822897,15.567030216879965,0.002603416558635553
UnkA-C20-S2-1MI_6,Fo,3,86.78015659320714,0.3588003769955793,0.41345901077074687,0.20715349424373694
UnkA-C20-S2-1MI_7,SiO2,3,40.34217150606781,1.2909165564959186,3.1999183690490085,0.7453110213942634
UnkA-C20-S2-1MI_7,MgO,3,46.28,0.17776388834631518,0.38410520385979946,0.10263202878893965
UnkA-C20-S2-1MI_7,FeO,3,14.136666666666665,0.20816659994661424,1.4725295916997,0.12018504251546687
UnkA-C20-S2-1MI_7,MnO,3,0.23326666666666665,0.011669333028641078,5.002572032855564,0.0067372925653493175
UnkA-C20-S2-1MI_7,CaO,3,0.33873333333333333,0.005832095106677636,1.7217364022862536,0.0033671616797798327
UnkA-C20-S2-1MI_7,Cr2O3,3,0.028166666666666663,0.018776936207308508,66.66367884251542,0.010840869173845998
UnkA-C20-S2-1MI_7,NiO,3,0.22393333333333332,0.005991104516976254,2.675396479745276,0.003458965805619423
UnkA-C20-S2-1MI_7,Al2O3,3,0.032466666666666665,0.01180056495822693,36.34670931692073,0.006813059355221983
UnkA-C20-S2-1MI_7,Fo,3,85.3709071333853,0.14625265271099913,0.17131439458935455,0.0844390084123922
UnkA-C20-S2-3MI_1,SiO2,3,41.680084738763846,0.1835800593550692,0.4404503025981944,0.10598999668649668
UnkA-C20-S2-3MI_1,MgO,3,47.06,0.34176014981269603,0.7262221627979091,0.1973153144926469
UnkA-C20-S2-3MI_1,FeO,3,12.596666666666666,0.4670474636836515,3.7077067770599488,0.2696499788820882
UnkA-C20-S2-3MI_1,MnO,3,0.20346666666666668,0.028471272070867037,13.993089156717089,0.01643789659428616
UnkA-C20-S2-3MI_1,CaO,3,0.3394333333333333,0.06433702925480267,18.954246073299423,0.03714500115912115
UnkA-C20-S2-3MI_1,Cr2O3,3,0.03896666666666667,0.02551104336034364,65.46888800772533,0.014728807751402617
UnkA-C20-S2-3MI_1,NiO,3,0.21926666666666664,0.004772141378179574,2.1764098714713778,0.002755197109302929
UnkA-C20-S2-3MI_1,Al2O3,3,0.0389,0.011762652762026093,30.238181907522094,0.00679117073853986
UnkA-C20-S2-3MI_1,Fo,3,86.94411692957442,0.5031680389449807,0.5787258030955121,0.29050420273250077
UnkA-C20-S2-3MI_2,SiO2,3,41.37430305339448,0.22031995447889216,0.5325043280960268,0.1272017850262345
UnkA-C20-S2-3MI_2,MgO,3,46.19,0.7992496481075257,1.73035212839906,0.46144699948459367
UnkA-C20-S2-3MI_2,FeO,3,14.036666666666667,0.3008875759039144,2.1435828252475497,0.17371752294393894
UnkA-C20-S2-3MI_2,MnO,3,0.2295,0.004779121258139421,2.082405776967068,0.002759226944876658
UnkA-C20-S2-3MI_2,CaO,3,0.34779999999999994,0.01440416606402471,4.141508356533845,0.00831624915451674
UnkA-C20-S2-3MI_2,Cr2O3,3,0.025666666666666667,0.009816992071573315,38.248021058077846,0.005667843015155276
UnkA-C20-S2-3MI_2,NiO,3,0.23863333333333334,0.011814115850681905,4.95073998492048,0.006820882966628623
UnkA-C20-S2-3MI_2,Al2O3,3,0.03406666666666667,0.009124326459160328,26.783737159961824,0.005267932337370241
UnkA-C20-S2-3MI_2,Fo,3,85.43419104990058,0.4602526143374647,0.5387218029238896,0.2657269707829643
UnkA-C20-S2-3MI_3,SiO2,3,41.209940945906034,0.09730960756740263,0.23613139289652335,0.05618172812377676
UnkA-C20-S2-3MI_3,MgO,3,44.949999999999996,0.052915026221296055,0.11771974687718811,0.030550504633041386
UnkA-C20-S2-3MI_3,FeO,3,15.696666666666665,0.2893671255228107,1.8434941103598048,0.16706618781522298
UnkA-C20-S2-3MI_3,MnO,3,0.2551333333333333,0.007759725081040806,3.041439148565772,0.0044800793643764
UnkA-C20-S2-3MI_3,CaO,3,0.3493,0.0016370705543745014,0.46867178768236517,0.0009451631252505283
UnkA-C20-S2-3MI_3,Cr2O3,3,0.015033333333333334,0.017978134868037156,119.58848027519173,0.01037968100558865
UnkA-C20-S2-3MI_3,NiO,3,0.20420000000000002,0.024800000000000003,12.144955925563174,0.01431828667590272
UnkA-C20-S2-3MI_3,Al2O3,3,0.03493333333333334,0.006047589051294186,17.31180071935358,0.0034915771667129317
UnkA-C20-S2-3MI_3,Fo,3,83.61915943225898,0.2367832979243767,0.28316871340496796,0.13670690079624626
UnkA-C20-S2-3MI_4,SiO2,3,41.4228731794527,0.027019081374798963,0.06522744392390782,0.015599473904996585
UnkA-C20-S2-3MI_4,MgO,3,47.16,0.13114877048603532,0.2780932368236542,0.07571877794400095
UnkA-C20-S2-3MI_4,FeO,3,13.030000000000001,0.17776388834631238,1.3642662190814456,0.10263202878893804
UnkA-C20-S2-3MI_4,MnO,3,0.21233333333333335,0.014403240376156127,6.783315718754847,0.008315714708376627
UnkA-C20-S2-3MI_4,CaO,3,0.3370666666666667,0.005029247790011308,1.49206322884038,0.0029036375653843593
UnkA-C20-S2-3MI_4,Cr2O3,3,0.03523333333333333,0.01906445208584116,54.10913553218872,0.011006866543713117
UnkA-C20-S2-3MI_4,NiO,3,0.20896666666666666,0.023297496288943422,11.148905545833507,0.013450815753865792
UnkA-C20-S2-3MI_4,Al2O3,3,0.028300000000000002,0.004014971979976948,14.1871801412613,0.0023180451534284955
UnkA-C20-S2-3MI_4,Fo,3,86.58016079605773,0.19045527699491532,0.21997565636721175,0.1099594054415991
UnkA-C21MI_1,SiO2,3,39.88243608741441,1.47023342343727,3.6864183025701065,0.848839662793093
UnkA-C21MI_1,MgO,3,43.98,0.20000000000000284,0.45475216007276686,0.1154700538379268
UnkA-C21MI_1,FeO,3,17.293333333333333,0.3113411847689519,1.8003538055259363,0.1797529168361714
UnkA-C21MI_1,MnO,3,0.308,0.00261533936612439,0.8491361578325942,0.0015099668870541417
UnkA-C21MI_1,CaO,3,0.38706666666666667,0.012791142768858963,3.3046355758333523,0.007384969720843657
UnkA-C21MI_1,Cr2O3,3,0.010066666666666666,0.013280562237094232,131.92611493802218,0.007667536182575934
UnkA-C21MI_1,NiO,3,0.15683333333333335,0.017697834142440475,11.28448510676332,0.01021784930621136
UnkA-C21MI_1,Al2O3,3,0.03186666666666667,0.004168133075290823,13.0799155082348,0.0024064727530373397
UnkA-C21MI_1,Fo,3,81.92772647078112,0.3336854007464071,0.40729239675095025,0.1926533559455863
UnkA-C21MI_10,SiO2,3,40.805621324182574,0.21528663559806885,0.527590632397708,0.12429579701547393
UnkA-C21MI_10,MgO,3,45.169999999999995,1.1961605243444557,2.648130450175904,0.6906036007242755
UnkA-C21MI_10,FeO,3,15.37,1.6627687752661213,10.818274399909704,0.9599999999999995
UnkA-C21MI_10,MnO,3,0.2928,0.014855302083767931,5.073532132434403,0.008576712656956625
UnkA-C21MI_10,CaO,3,0.34123333333333333,0.03016311212944269,8.83943893604846,0.017414680907530605
UnkA-C21MI_10,Cr2O3,3,0.016533333333333334,0.014319683422943864,86.61098844522498,0.008267473078946862
UnkA-C21MI_10,NiO,3,0.2089,0.040859270673863,19.55924876680852,0.02359011092244659
UnkA-C21MI_10,Al2O3,3,0.026433333333333336,0.003494757979221642,13.221026403108354,0.0020176994600562075
UnkA-C21MI_10,Fo,3,83.96939294914252,1.809769373452985,2.155272665302109,1.0448708349342213
UnkA-C21MI_11,SiO2,3,41.10185982435112,0.21550572789232628,0.5243211105611533,0.12442229001054082
UnkA-C21MI_11,MgO,3,45.04333333333333,0.2532455988429696,0.5622265940419662,0.1462114146630765
UnkA-C21MI_11,FeO,3,15.659999999999998,0.504777178564958,3.2233536306830013,0.29143323992525827
UnkA-C21MI_11,MnO,3,0.3016666666666667,0.014184968570050973,4.7021995259837475,0.00818969542236531
UnkA-C21MI_11,CaO,3,0.3749,0.02019009658223559,5.385461878430406,0.011656757696718261
UnkA-C21MI_11,Cr2O3,3,0.0166,0.017603408760805392,106.04463108918911,0.01016333278670601
UnkA-C21MI_11,NiO,3,0.20896666666666666,0.009124326459160339,4.366402835776203,0.005267932337370247
UnkA-C21MI_11,Al2O3,3,0.022866666666666664,0.004834597535817571,21.142554821359646,0.0027912561887277762
UnkA-C21MI_11,Fo,3,83.67940740026117,0.5167595916958064,0.617546906401961,0.298351289371895
UnkA-C21MI_12,SiO2,3,41.07779476765764,0.21923881379869545,0.5337161233672452,0.12657758816349107
UnkA-C21MI_12,MgO,3,44.97666666666667,0.807547728207654,1.7954814975342488,0.4662378982641598
UnkA-C21MI_12,FeO,3,15.756666666666666,0.8709381914540966,5.527426643457351,0.5028363992835485
UnkA-C21MI_12,MnO,3,0.2977,0.013292102918650652,4.464932119130215,0.0076741991981791645
UnkA-C21MI_12,CaO,3,0.36423333333333335,0.04634407549335015,12.723732632932228,0.02675676446143005
UnkA-C21MI_12,Cr2O3,3,0.011966666666666667,0.02436582305881197,203.6141202686237,0.014067614502031882
UnkA-C21MI_12,NiO,3,0.20066666666666666,0.012182501111567092,6.071013842973634,0.007033570296166176
UnkA-C21MI_12,Al2O3,3,0.022766666666666668,0.00863095205254515,37.91047753680154,0.004983082490899696
UnkA-C21MI_12,Fo,3,83.57384736428638,1.0017512382139833,1.1986420032184155,0.5783613470438842
UnkA-C21MI_13,SiO2,3,40.750001402093034,0.4057238981678895,0.9956414336394364,0.23424480182389534
UnkA-C21MI_13,MgO,3,44.38999999999999,1.39097088395121,3.1335230546321475,0.8030774142841629
UnkA-C21MI_13,FeO,3,16.613333333333333,1.8617554440187192,11.206393122103044,1.0748850067694589
UnkA-C21MI_13,MnO,3,0.3046,0.04245091282881915,13.936609595804057,0.024509045949064077
UnkA-C21MI_13,CaO,3,0.3599666666666667,0.011049585210917723,3.069613448722397,0.006379480995957055
UnkA-C21MI_13,Cr2O3,3,0.014600000000000002,0.00549909083394701,37.66500571196582,0.00317490157327751
UnkA-C21MI_13,NiO,3,0.16806666666666667,0.0028307831660749298,1.6843215982199107,0.0016343534229508218
UnkA-C21MI_13,Al2O3,3,0.033,0.021083642948978246,63.889827118115896,0.012172646932090546
UnkA-C21MI_13,Fo,3,82.64543538375273,2.0505341273798603,2.481122058173554,1.1838764304252767
UnkA-C21MI_14,SiO2,3,40.007473952242435,1.0481101569208255,2.6197858884366743,0.6051266812386196
UnkA-C21MI_14,MgO,3,42.20666666666667,0.11015141094572528,0.2609810715820374,0.06359594676113159
UnkA-C21MI_14,FeO,3,19.403333333333332,0.12858201014657533,0.662680004191249,0.07423685817106847
UnkA-C21MI_14,MnO,3,0.3519666666666666,0.01500710942631305,4.26378712746843,0.00866435866704001
UnkA-C21MI_14,CaO,3,0.30893333333333334,0.008768884383622184,2.838439053826775,0.005062717759376974
UnkA-C21MI_14,Cr2O3,3,0.0041333333333333335,0.007228646715211177,174.88661407768976,0.004173461126903877
UnkA-C21MI_14,NiO,3,0.11113333333333335,0.013917375231462782,12.523133081700163,0.008035200336298069
UnkA-C21MI_14,Al2O3,3,0.0302,0.008313843876330617,27.52928435871065,0.004800000000000004
UnkA-C21MI_14,Fo,3,79.49749760009837,0.15045169117764404,0.1892533673631733,0.08686332440144723
UnkA-C21MI_15,SiO2,3,39.370390237922116,0.09035280066947886,0.22949429793167192,0.05216521378856022
UnkA-C21MI_15,MgO,3,42.49666666666667,0.09018499505645018,0.21221663280990705,0.05206833117270659
UnkA-C21MI_15,FeO,3,18.923333333333332,0.21385353243127342,1.1301049802603844,0.12346839451634808
UnkA-C21MI_15,MnO,3,0.36143333333333333,0.00170098010962311,0.47062070726453287,0.0009820613241771018
UnkA-C21MI_15,CaO,3,0.32783333333333337,0.00447362641861541,1.364603889765758,0.0025828494170414286
UnkA-C21MI_15,Cr2O3,3,0.0022666666666666664,0.005749202843293436,253.64130191000456,0.0033193038092012273
UnkA-C21MI_15,NiO,3,0.11746666666666666,0.013923122255203159,11.85282825357817,0.008038518382001614
UnkA-C21MI_15,Al2O3,3,0.0266,0.010701401777337397,40.23083374938871,0.006178457196852086
UnkA-C21MI_15,Fo,3,80.01260353751331,0.1480389072102737,0.18501948526255213,0.08547030292838956
UnkA-C21MI_16,SiO2,3,38.98686882696288,0.3640775167588343,0.9338465173357097,0.2102002523066035
UnkA-C21MI_16,MgO,3,43.173333333333325,0.10066445913694824,0.23316350942776776,0.05811865258054515
UnkA-C21MI_16,FeO,3,18.183333333333334,0.3035347316755246,1.6693019157224083,0.17524585904126497
UnkA-C21MI_16,MnO,3,0.33159999999999995,0.018307375562870827,5.520921460455618,0.010569768209379049
UnkA-C21MI_16,CaO,3,0.3851333333333333,0.007239705334703435,1.879791933885261,0.004179845823844598
UnkA-C21MI_16,Cr2O3,3,0.0028333333333333335,0.005064911976859355,178.7615991832713,0.002924228293261508
UnkA-C21MI_16,NiO,3,0.13796666666666668,0.02400111108539212,17.396311489774426,0.013857047946001252
UnkA-C21MI_16,Al2O3,3,0.027433333333333334,0.006640281118547116,24.205155960682077,0.003833768091287967
UnkA-C21MI_16,Fo,3,80.88829662614596,0.29306011817104494,0.36230224939156097,0.16919833811479634
UnkA-C21MI_17,SiO2,3,40.30610599530359,0.24355244982673693,0.6042569576309736,0.1406150724692594
UnkA-C21MI_17,MgO,3,43.72666666666667,0.7616648431779781,1.7418772141591206,0.4397474022410798
UnkA-C21MI_17,FeO,3,17.226666666666667,1.0004665578285592,5.807661906899531,0.577619636477537
UnkA-C21MI_17,MnO,3,0.3077666666666667,0.017504666044610345,5.687641951026864,0.010106323652930285
UnkA-C21MI_17,CaO,3,0.3940333333333333,0.011800564958226935,2.9948138799323925,0.006813059355221986
UnkA-C21MI_17,Cr2O3,3,0.0121,0.01311945120803458,108.42521659532711,0.007574518686578926
UnkA-C21MI_17,NiO,3,0.14986666666666668,0.02766755018669584,18.461443629912704,0.015973867548106323
UnkA-C21MI_17,Al2O3,3,0.028466666666666668,0.0094495149787348,33.1950174897007,0.005455680016683938
UnkA-C21MI_17,Fo,3,81.89869172516919,1.1184264928016652,1.3656219278261672,0.6457238366878505
UnkA-C21MI_18,SiO2,3,40.348766738452206,0.19336638277193763,0.47923740526041975,0.11164013314560241
UnkA-C21MI_18,MgO,3,44.376666666666665,0.04163331998931835,0.09381804249076471,0.02403700850309078
UnkA-C21MI_18,FeO,3,16.816666666666666,0.2579405616287077,1.5338388203887474,0.14892205269125766
UnkA-C21MI_18,MnO,3,0.28800000000000003,0.006520736154760472,2.264144498180719,0.003764748774265484
UnkA-C21MI_18,CaO,3,0.3862333333333334,0.005783885660465088,1.497510743194551,0.0033393279430315352
UnkA-C21MI_18,Cr2O3,3,0.0085,0.004014971979976946,47.234964470317,0.0023180451534284947
UnkA-C21MI_18,NiO,3,0.15533333333333332,0.007777746031681262,5.007132638421414,0.004490483765079721
UnkA-C21MI_18,Al2O3,3,0.030833333333333334,0.0060011110082494965,19.46306272945783,0.0034647430560496733
UnkA-C21MI_18,Fo,3,82.4681818796079,0.23346462007838012,0.2830966013282627,0.13479086124850648
UnkA-C21MI_19,SiO2,3,38.96279195238689,0.2511714675024511,0.6446444284829137,0.1450139143752935
UnkA-C21MI_19,MgO,3,42.18,0.06928203230275874,0.16425327715210702,0.04000000000000211
UnkA-C21MI_19,FeO,3,19.323333333333334,0.09451631252505147,0.48913047710049057,0.054569018479149266
UnkA-C21MI_19,MnO,3,0.3388333333333333,0.005139390365922137,1.5167900735628541,0.0029672284112357153
UnkA-C21MI_19,CaO,3,0.2682,0.0037040518354904623,1.3810782384379054,0.002138535324312746
UnkA-C21MI_19,Cr2O3,3,0.006200000000000001,0.007068238818828918,114.00385191659544,0.004080849584747438
UnkA-C21MI_19,NiO,3,0.15133333333333332,0.011317832536900947,7.478743967115164,0.006534353661822867
UnkA-C21MI_19,Al2O3,3,0.028866666666666665,0.007770027884977847,26.916955721632267,0.004486027691002858
UnkA-C21MI_19,Fo,3,79.55449859866268,0.09134627359286511,0.11482226046535685,0.052738795648309876
UnkA-C21MI_2,SiO2,3,39.869132740903574,1.1359821647248076,2.849277339708349,0.6558596085984815
UnkA-C21MI_2,MgO,3,43.50666666666666,1.1229128787814906,2.5810133591361266,0.6483140528409912
UnkA-C21MI_2,FeO,3,17.83666666666667,1.1868164699452648,6.653801924566985,0.68520880840158
UnkA-C21MI_2,MnO,3,0.32093333333333335,0.032603271819456,10.158892340918985,0.01882350776142546
UnkA-C21MI_2,CaO,3,0.38693333333333335,0.025276339397415422,6.532479168870284,0.014593301355226138
UnkA-C21MI_2,Cr2O3,3,0.0089,0.015469970911414154,173.81989788105793,0.008931591870060642
UnkA-C21MI_2,NiO,3,0.1472,0.015488059917239479,10.521779835081167,0.008942035562443267
UnkA-C21MI_2,Al2O3,3,0.025400000000000002,0.0045431266766402184,17.886325498583535,0.0026229754097208003
UnkA-C21MI_2,Fo,3,81.29925782696851,1.4055153448026751,1.7288169441768741,0.8114746626719742
UnkA-C21MI_20,SiO2,3,39.974945976689334,0.0968855485774318,0.24236567732681577,0.055936897551764814
UnkA-C21MI_20,MgO,3,46.06333333333333,0.06429100507328979,0.1395708916852662,0.037118429085535455
UnkA-C21MI_20,FeO,3,14.376666666666667,0.11718930554164583,0.8151354431368827,0.06765927710061453
UnkA-C21MI_20,MnO,3,0.2392,0.005574943945906558,2.3306621847435443,0.003218695387886226
UnkA-C21MI_20,CaO,3,0.33926666666666666,0.008904680417248765,2.6246847368585473,0.005141119635946164
UnkA-C21MI_20,Cr2O3,3,0.032266666666666666,0.007635007094517551,23.6622120697858,0.00440807340128441
UnkA-C21MI_20,NiO,3,0.21033333333333334,0.02105453237033141,10.010078781457088,0.012155839931672529
UnkA-C21MI_20,Al2O3,3,0.030033333333333332,0.005787342510456184,19.269730889421258,0.003341323756304443
UnkA-C21MI_20,Fo,3,85.09991038550768,0.10146414388677909,0.11922943681978096,0.058580350786126834
UnkA-C21MI_21,SiO2,3,40.56251387401087,1.0335081321841089,2.547939053763372,0.5966961983261626
UnkA-C21MI_21,MgO,3,46.53666666666667,0.13316656236958974,0.2861540628241309,0.07688375063113972
UnkA-C21MI_21,FeO,3,13.770000000000001,0.1743559577416276,1.2662015812754364,0.10066445913694372
UnkA-C21MI_21,MnO,3,0.2217,0.004044749683231322,1.8244247556298248,0.002335237318418257
UnkA-C21MI_21,CaO,3,0.3826,0.04637801203156515,12.121801367371969,0.02677635773090384
UnkA-C21MI_21,Cr2O3,3,0.03326666666666667,0.011472285445077335,34.485827991214435,0.0066235270899356255
UnkA-C21MI_21,NiO,3,0.19233333333333333,0.01012982395371872,5.266806215105054,0.005848456586523022
UnkA-C21MI_21,Al2O3,3,0.028433333333333335,0.011316065276116668,39.798588309906215,0.0065333333333333354
UnkA-C21MI_21,Fo,3,85.76362829941507,0.1758435285936478,0.20503275348816732,0.10152330856879621
UnkA-C21MI_22,SiO2,3,39.622534100464776,1.4362178670402659,3.624750157066352,0.8292007721506477
UnkA-C21MI_22,MgO,3,45.913333333333334,0.14468356276140684,0.31512319463062327,0.08353309390761236
UnkA-C21MI_22,FeO,3,14.723333333333334,0.26407069760451146,1.7935523948687668,0.15246128834705697
UnkA-C21MI_22,MnO,3,0.25310000000000005,0.0034176014981269595,1.3502969174741049,0.0019731531449264685
UnkA-C21MI_22,CaO,3,0.34873333333333334,0.00952120440560617,2.7302249299195673,0.0054970699265861735
UnkA-C21MI_22,Cr2O3,3,0.021433333333333332,0.009148406054244274,42.68307645837142,0.005281834698073934
UnkA-C21MI_22,NiO,3,0.18763333333333332,0.02413489866010076,12.862799072713143,0.013934290238273514
UnkA-C21MI_22,Al2O3,3,0.037399999999999996,0.017084495895401782,45.68047030856092,0.009863738304179276
UnkA-C21MI_22,Fo,3,84.7531487101921,0.2658787156791637,0.3137095432151067,0.15350514806915716
UnkA-C21MI_23,SiO2,3,39.64916632503857,0.19969364412674243,0.5036515584960365,0.11529317919203208
UnkA-C21MI_23,MgO,3,43.120000000000005,0.26153393661244745,0.606525827023301,0.15099668870541907
UnkA-C21MI_23,FeO,3,18.323333333333334,0.03055050463303634,0.16673005984920689,0.017638342073762442
UnkA-C21MI_23,MnO,3,0.31629999999999997,0.0036166282640049934,1.1434170926351546,0.002088061301782092
UnkA-C21MI_23,CaO,3,0.33453333333333335,0.016685722439658754,4.987760793042672,0.00963350634216036
UnkA-C21MI_23,Cr2O3,3,0.0064333333333333334,0.01110375311925357,172.59719874487413,0.006410754852416195
UnkA-C21MI_23,NiO,3,0.1559,0.018600000000000005,11.930724823604878,0.010738715006927043
UnkA-C21MI_23,Al2O3,3,0.0289,0.00779487010796203,26.971868885681765,0.004500370355130045
UnkA-C21MI_23,Fo,3,80.75011300444528,0.06910607037788899,0.08558015314985963,0.039898408335311435
UnkA-C21MI_24,SiO2,4,38.93596151809741,1.2818924218274885,3.2923096588526928,0.6409462109137443
UnkA-C21MI_24,MgO,4,42.06,0.09933109617167833,0.23616523103109446,0.049665548085839166
UnkA-C21MI_24,FeO,4,19.6175,0.3893156388673144,1.9845323760281095,0.1946578194336572
UnkA-C21MI_24,MnO,4,0.369575,0.006595705673643496,1.7846731174033676,0.003297852836821748
UnkA-C21MI_24,CaO,4,0.34455,0.04224136992728023,12.259866471420759,0.021120684963640116
UnkA-C21MI_24,Cr2O3,4,0.0006000000000000001,0.00139522996909709,232.5383281828483,0.000697614984548545
UnkA-C21MI_24,NiO,4,0.0914,0.0008485281374238595,0.9283677652339819,0.00042426406871192974
UnkA-C21MI_24,Al2O3,4,0.0322,0.012557069721873804,38.99711093749629,0.006278534860936902
UnkA-C21MI_24,Fo,4,79.2610317786766,0.35576396482715317,0.4488510392099936,0.17788198241357658
UnkA-C21MI_25,SiO2,3,39.048566060914446,1.3045140064669662,3.3407475307338257,0.7531615127953402
UnkA-C21MI_25,MgO,3,44.45333333333334,0.1205542754668314,0.27119288122412577,0.0696020433927354
UnkA-C21MI_25,FeO,3,16.720000000000002,0.11135528725660077,0.6660005218696218,0.06429100507328656
UnkA-C21MI_25,MnO,3,0.28543333333333337,0.012329368732150629,4.319526590733608,0.007118364356445321
UnkA-C21MI_25,CaO,3,0.37526666666666664,0.0020428737928059985,0.5443792306287082,0.0011794537341969751
UnkA-C21MI_25,Cr2O3,3,0.018166666666666668,0.017390035460956754,95.72496584012892,0.01004014165460052
UnkA-C21MI_25,NiO,3,0.16016666666666665,0.014162391511793953,8.842283982389565,0.00817666055170311
UnkA-C21MI_25,Al2O3,3,0.0313,0.0027999999999999974,8.945686900958458,0.0016165807537309508
UnkA-C21MI_25,Fo,3,82.57614327964664,0.11267402259267373,0.13644863772712137,0.06505237727455816
UnkA-C21MI_26,SiO2,3,39.31874691754734,0.44661589244997096,1.1358853663025903,0.2578538057303557
UnkA-C21MI_26,MgO,3,43.800000000000004,0.2615339366124401,0.5971094443206395,0.15099668870541483
UnkA-C21MI_26,FeO,3,17.28,0.39949968710876255,2.3119194855831164,0.23065125189341534
UnkA-C21MI_26,MnO,3,0.3066,0.007493997598078017,2.444226222465107,0.004326661530556752
UnkA-C21MI_26,CaO,3,0.37143333333333334,0.016164570310816605,4.351943904913382,0.0093326190202846
UnkA-C21MI_26,Cr2O3,3,0.008,0.0033045423283716594,41.30677910464574,0.0019078784028338904
UnkA-C21MI_26,NiO,3,0.14696666666666666,0.001501110699893014,1.0213953503468003,0.0008666666666666591
UnkA-C21MI_26,Al2O3,3,0.029433333333333336,0.0046704746368365305,15.867977248595233,0.0026964997888208908
UnkA-C21MI_26,Fo,3,81.87836586839967,0.4256584233885541,0.5198667790618837,0.24575400532621341
UnkA-C21MI_3,SiO2,3,40.26450871933254,1.3127643610868263,3.2603511202323885,0.7579248572560262
UnkA-C21MI_3,MgO,3,45.78666666666666,1.2208740038731825,2.6664400201074168,0.7048719347827982
UnkA-C21MI_3,FeO,3,14.733333333333334,1.6129889439588014,10.947888759901367,0.9312596009945042
UnkA-C21MI_3,MnO,3,0.3196,0.015215781281288235,4.7608827538448795,0.008784835418682232
UnkA-C21MI_3,CaO,3,0.32606666666666667,0.016668933179220982,5.112124262693002,0.00962381305812712
UnkA-C21MI_3,Cr2O3,3,0.021533333333333335,0.015886262409180247,73.77521242653366,0.00917193787835725
UnkA-C21MI_3,NiO,3,0.23399999999999999,0.024695748621979468,10.553738727341655,0.014258097114739176
UnkA-C21MI_3,Al2O3,3,0.022033333333333335,0.0018036999011291593,8.186232531599815,0.0010413666234542216
UnkA-C21MI_3,Fo,3,84.70688620435156,1.7631727036226688,2.081498662775885,1.0179682350643482
UnkA-C21MI_4,SiO2,4,40.26353086671732,1.376964604161667,3.419880409196539,0.6884823020808335
UnkA-C21MI_4,MgO,4,41.8225,0.176162803489652,0.4212153828433307,0.088081401744826
UnkA-C21MI_4,FeO,4,19.8525,0.10999999999999754,0.5540863871048863,0.05499999999999877
UnkA-C21MI_4,MnO,4,0.36212500000000003,0.011694300606135752,3.2293546720430104,0.005847150303067876
UnkA-C21MI_4,CaO,4,0.299775,0.01914462500720939,6.386331417633022,0.009572312503604696
UnkA-C21MI_4,Cr2O3,4,0.0037,0.005633234713140695,152.2495868416404,0.0028166173565703475
UnkA-C21MI_4,NiO,4,0.13365,0.014986660735467382,11.213363812545742,0.007493330367733691
UnkA-C21MI_4,Al2O3,4,0.028624999999999998,0.008782368700982665,30.680764020900142,0.004391184350491332
UnkA-C21MI_4,Fo,4,78.97050460654181,0.13696196688306483,0.1734343316728903,0.06848098344153242
UnkA-C21MI_5,SiO2,3,40.034781448826756,1.432174718629047,3.5773261818843216,0.8268664593270568
UnkA-C21MI_5,MgO,3,41.77333333333333,0.05773502691895929,0.13821024637478285,0.03333333333333144
UnkA-C21MI_5,FeO,3,20.07,0.3984971769034253,1.9855365067435242,0.23007245235649854
UnkA-C21MI_5,MnO,3,0.36979999999999996,0.007302054505411488,1.974595593675362,0.004215843134336643
UnkA-C21MI_5,CaO,3,0.2936,0.002599999999999986,0.8855585831062622,0.001501110699893019
UnkA-C21MI_5,Cr2O3,3,0.005299999999999999,0.009297311439335567,175.4209705535013,0.005367805262240177
UnkA-C21MI_5,NiO,3,0.13753333333333334,0.018774805813465373,13.651094871642297,0.010839639190387185
UnkA-C21MI_5,Al2O3,3,0.03153333333333333,0.006407287517610972,20.319093607645787,0.003699249173068024
UnkA-C21MI_5,Fo,3,78.76962897893397,0.3094145641673295,0.39280947260787386,0.17864058191319843
UnkA-C21MI_6,SiO2,3,39.0694743175737,0.19790275801906418,0.506540621484754,0.11425921061567608
UnkA-C21MI_6,MgO,3,41.846666666666664,0.08326663997865548,0.19898034087618804,0.0480740170061924
UnkA-C21MI_6,FeO,3,19.89,0.03999999999999915,0.20110608345902034,0.02309401076758454
UnkA-C21MI_6,MnO,3,0.3664,0.00446766158073775,1.2193399510747134,0.002579405616287089
UnkA-C21MI_6,CaO,3,0.29596666666666666,0.01430011654964157,4.831664562329622,0.008256176139378584
UnkA-C21MI_6,Cr2O3,3,0.006333333333333333,0.011085726558657909,175.03778776828278,0.006400347212803728
UnkA-C21MI_6,NiO,3,0.13463333333333335,0.006407287517610928,4.759064756829111,0.0036992491730679987
UnkA-C21MI_6,Al2O3,3,0.029766666666666667,0.016045352390437966,53.903759430362705,0.009263788521861766
UnkA-C21MI_6,Fo,3,78.94878314695261,0.05235617510572091,0.06631663341570052,0.03022785179102715
UnkA-C21MI_7,SiO2,3,40.59874689397161,1.425735346619591,3.5117718050339484,0.8231486861639853
UnkA-C21MI_7,MgO,3,45.973333333333336,0.16165807537309587,0.35163444469205885,0.09333333333333371
UnkA-C21MI_7,FeO,3,14.736666666666666,0.190087699058442,1.2898961709462249,0.10974718422102807
UnkA-C21MI_7,MnO,3,0.24763333333333334,0.009683663218706744,3.9104845411388114,0.005590865566062017
UnkA-C21MI_7,CaO,3,0.3433333333333333,0.00488808074128623,1.423712837267834,0.0028221347318022304
UnkA-C21MI_7,Cr2O3,3,0.015633333333333332,0.002700617213403881,17.27473697273272,0.0015592020751368678
UnkA-C21MI_7,NiO,3,0.19126666666666667,0.005658032638058324,2.958190643808814,0.003266666666666662
UnkA-C21MI_7,Al2O3,3,0.028999999999999998,0.0035042830935870443,12.083734805472568,0.0020231987873991345
UnkA-C21MI_7,Fo,3,84.75827230400381,0.2118063785364033,0.24989463892882818,0.12228646966407222
UnkA-C21MI_8,SiO2,3,40.0038159560925,1.466601485213119,3.666153965968735,0.8467427622816993
UnkA-C21MI_8,MgO,3,42.879999999999995,0.6128621378417766,1.4292493886235462,0.35383612025907923
UnkA-C21MI_8,FeO,3,18.42,0.6352952069707436,3.4489424916978475,0.36678785875943787
UnkA-C21MI_8,MnO,3,0.33063333333333333,0.014683777897167113,4.44110633042659,0.00847768312165011
UnkA-C21MI_8,CaO,3,0.3766,0.044538971698951484,11.826598964140064,0.025714587299818764
UnkA-C21MI_8,Cr2O3,3,0.004866666666666667,0.011759818592705132,241.6401080692835,0.006789534430119474
UnkA-C21MI_8,NiO,3,0.13823333333333332,0.038301087887073544,27.70756297593939,0.022113143401857428
UnkA-C21MI_8,Al2O3,3,0.0296,0.003903844259188632,13.188663037799431,0.002253885533916932
UnkA-C21MI_8,Fo,3,80.58052787854412,0.7460732371513847,0.9258728588573059,0.43074558430452753
UnkA-C21MI_9,SiO2,3,40.09052543701994,1.0989533362179826,2.741179678336666,0.6344810044922896
UnkA-C21MI_9,MgO,3,42.13333333333333,0.07023769168568209,0.16670338216538472,0.040551750201986494
UnkA-C21MI_9,FeO,3,19.419999999999998,0.16370705543744854,0.8429817478756363,0.09451631252505191
UnkA-C21MI_9,MnO,3,0.37083333333333335,0.012213653562031825,3.2935694998737506,0.0070515561718279066
UnkA-C21MI_9,CaO,3,0.31970000000000004,0.019427815111329363,6.076889306014814,0.011216654284292287
UnkA-C21MI_9,Cr2O3,3,0.005366666666666666,0.0049328828623162475,91.91707196862573,0.0028480012484391774
UnkA-C21MI_9,NiO,3,0.11993333333333334,0.021298200236952756,17.758365956325253,0.012296521640059226
UnkA-C21MI_9,Al2O3,3,0.0263,0.00642806347199528,24.441305977168366,0.0037112441759244753
UnkA-C21MI_9,Fo,3,79.45515652041446,0.16464386714855542,0.20721608811663894,0.09505718101863946
