,Li7,B11,Na23,Mg24,Al27,Si29,P31,K39,Ca43,Sc45,Ti47,V51,Mn55,Fe57,As75,Rb85,Sr88,Y89,Zr90,Nb93,Cs133,Ba138,La139,Ce140,Pr141,Nd146,Sm147,Eu151,Gd157,Tb159,Dy163,Ho165,Er166,Tm169,Yb172,Lu175,Hf178,Ta181,Pb208,Th232,U238
001N612,0.0505,0.184,1.21,0.0563,0.781,191.77,3.47,21.4,173.26,0.14,0.281,0.0315,0.406,20.55,0.0614,0.0383,0.00744,0.0143,0.0227,0.0154,0.0109,0.0159,0.00573,0.0,0.00643,0.0,0.0163,0.00489,0.0337,0.0,0.0181,0.00525,0.0112,0.0,0.0121,0.00279,0.0,0.00368,0.0177,0.00577,0.0
002N612,0.0611,0.17,1.19,0.0973,0.774,188.59,3.45,21.2,182.76,0.146,0.515,0.0453,0.405,20.34,0.0637,0.0413,0.0,0.0131,0.0139,0.0163,0.0116,0.0119,0.0,0.00611,0.00364,0.0,0.0244,0.00732,0.0,0.0,0.0,0.00556,0.0119,0.00551,0.0128,0.00295,0.0101,0.00275,0.0188,0.0061,0.00506
003N612,0.0557,0.198,1.19,0.111,0.808,191.38,3.48,21.54,166.34,0.145,0.5,0.044,0.402,20.46,0.0664,0.0401,0.0,0.018,0.0134,0.01,0.00916,0.0142,0.0059,0.00594,0.00433,0.0418,0.029,0.0101,0.0346,0.0026,0.0107,0.00539,0.0,0.00268,0.0248,0.0,0.017,0.00267,0.0227,0.0,0.00491
004KL2,0.0672,0.211,1.39,0.11,0.931,224.43,4.05,25.33,198.8,0.173,0.0,0.0575,0.494,23.83,0.069,0.0449,0.0,0.0192,0.0157,0.0117,0.0127,0.0191,0.0,0.0,0.00584,0.0346,0.0196,0.00831,0.0286,0.00608,0.0177,0.00315,0.0135,0.00442,0.029,0.0058,0.0162,0.00541,0.0188,0.00489,0.00906
005KL2,0.0669,0.228,1.48,0.118,1.03,239.37,3.99,26.98,214.62,0.17,0.508,0.0569,0.514,25.42,0.0784,0.0519,0.0,0.0204,0.0236,0.0233,0.0161,0.0228,0.00735,0.0,0.00622,0.0368,0.036,0.00884,0.0482,0.0056,0.0188,0.00822,0.0,0.00471,0.0154,0.00796,0.0172,0.00332,0.0107,0.00736,0.00747
006KL2,0.0811,0.244,1.61,0.134,1.16,261.32,4.48,29.6,233.81,0.196,0.705,0.0682,0.536,27.03,0.084,0.04,0.0187,0.0146,0.0,0.0224,0.0129,0.0231,0.0,0.00839,0.0,0.0,0.0236,0.0159,0.0,0.00971,0.0302,0.00932,0.0,0.00378,0.0175,0.00571,0.0195,0.00533,0.0257,0.0059,0.0109
007BM90,0.0608,0.212,1.33,0.0928,0.912,216.4,3.62,24.43,217.01,0.169,0.653,0.0547,0.456,22.48,0.0727,0.0414,0.0123,0.0219,0.0152,0.0179,0.0115,0.0185,0.0,0.00673,0.0049,0.0,0.0268,0.00805,0.034,0.0051,0.0,0.00305,0.016,0.00303,0.0244,0.0,0.0192,0.0,0.0218,0.00947,0.00784
008BM90,0.0746,0.213,1.4,0.103,0.93,221.19,3.79,25.01,214.95,0.173,0.581,0.0542,0.463,22.09,0.0743,0.0475,0.0126,0.0147,0.0156,0.0218,0.0118,0.0165,0.0,0.0,0.00503,0.0,0.0,0.00584,0.0202,0.00302,0.0176,0.00627,0.0212,0.00441,0.0204,0.00471,0.0227,0.00621,0.0158,0.00486,0.00569
009GOR132,0.0763,0.22,1.49,0.173,1.01,242.52,4.14,27.37,206.87,0.168,0.886,0.0627,0.515,25.08,0.0757,0.0435,0.0,0.0225,0.0238,0.0266,0.0123,0.0145,0.0,0.0,0.0094,0.0524,0.0297,0.0,0.0377,0.00461,0.019,0.00676,0.0204,0.0,0.022,0.00359,0.03,0.0,0.0265,0.0,0.00867
010GOR132,0.0522,0.221,1.48,0.147,1.0,234.4,4.11,26.56,233.79,0.178,0.495,0.0662,0.482,24.4,0.0725,0.0496,0.0,0.0198,0.0231,0.0,0.0131,0.0243,0.0072,0.0,0.00303,0.0358,0.0,0.00862,0.0298,0.00446,0.0184,0.00327,0.0171,0.00564,0.0261,0.0,0.0119,0.00324,0.0234,0.00507,0.00727
011GOR128,0.0667,0.253,1.53,0.184,1.06,250.3,4.27,28.18,231.93,0.177,0.745,0.0613,0.552,26.17,0.0755,0.0506,0.00988,0.0211,0.0173,0.00914,0.0135,0.0149,0.0,0.0,0.00722,0.0381,0.0216,0.00648,0.0501,0.00475,0.0276,0.00696,0.0148,0.0049,0.0161,0.00523,0.0252,0.00597,0.0236,0.0152,0.00998
012GOR128,0.0773,0.266,1.78,0.224,1.23,283.61,4.97,32.22,262.47,0.214,0.432,0.0735,0.613,29.78,0.087,0.0586,0.0,0.0267,0.0402,0.0183,0.0152,0.0173,0.00888,0.0,0.0106,0.0,0.025,0.0199,0.0367,0.0055,0.0,0.0057,0.0172,0.00803,0.0186,0.00428,0.0253,0.00692,0.0223,0.0108,0.00731
013BCR2G,0.0707,0.238,1.43,0.166,0.992,231.03,4.02,26.13,210.79,0.16,0.598,0.0598,0.479,23.72,0.0702,0.0448,0.0159,0.0231,0.0278,0.012,0.0121,0.0325,0.0101,0.00713,0.00423,0.0354,0.02,0.0104,0.0294,0.0044,0.0,0.00457,0.0169,0.0,0.0211,0.00593,0.0261,0.0032,0.0283,0.00706,0.00413
014BCR2G,0.0594,0.256,1.49,0.183,1.04,240.67,4.13,27.27,227.04,0.174,0.511,0.0562,0.506,25.11,0.079,0.0541,0.0136,0.0158,0.0,0.025,0.0131,0.0177,0.0,0.0,0.00443,0.0,0.0363,0.00628,0.0533,0.0,0.0134,0.00827,0.0227,0.00475,0.0156,0.00507,0.0,0.0,0.0187,0.00522,0.00966
015MC22-1-16,0.0751,0.26,1.54,0.144,1.09,254.46,4.22,28.8,253.55,0.188,0.782,0.0557,0.555,26.01,0.0705,0.0531,0.0104,0.0171,0.0182,0.0135,0.0132,0.0222,0.0,0.014,0.00339,0.0,0.0,0.0167,0.0,0.00352,0.0145,0.00517,0.0246,0.00515,0.0239,0.00672,0.0229,0.00512,0.0185,0.0113,0.00661
016MC22-1-20,0.0341,0.147,0.977,0.098,0.671,156.85,2.72,17.89,142.02,0.11,0.595,0.0407,0.342,16.44,0.0486,0.0275,0.00645,0.0106,0.0,0.0168,0.00581,0.0138,0.0071,0.00502,0.00298,0.0,0.0,0.00423,0.0293,0.00309,0.0,0.00393,0.00967,0.00226,0.0105,0.0,0.00821,0.00225,0.0136,0.00608,0.0029
017MC22-1-21,0.0721,0.212,1.55,0.185,1.04,242.24,4.19,27.71,225.8,0.175,0.728,0.065,0.523,24.94,0.0729,0.0494,0.0,0.00919,0.024,0.0199,0.0123,0.0253,0.0,0.0106,0.00631,0.0,0.0211,0.011,0.058,0.0,0.0191,0.00681,0.0177,0.00587,0.0272,0.0,0.0213,0.00754,0.0218,0.00743,0.00435
018MC22-1-26,0.049,0.266,1.46,0.147,1.02,233.96,4.0,26.63,214.16,0.167,0.495,0.0644,0.502,23.33,0.0827,0.0523,0.00929,0.0177,0.0,0.021,0.0126,0.0243,0.0102,0.0102,0.00858,0.0358,0.0406,0.00609,0.0422,0.00315,0.0183,0.00327,0.0197,0.0,0.0151,0.00491,0.0167,0.00794,0.0166,0.0,0.00934
019MC22-1-26B,0.0729,0.247,1.44,0.186,1.03,234.0,3.96,26.71,221.59,0.176,0.715,0.0648,0.524,22.73,0.0761,0.0495,0.0134,0.018,0.0166,0.0231,0.00965,0.0351,0.0,0.0,0.00438,0.0,0.0207,0.0108,0.0305,0.00643,0.0,0.00334,0.0142,0.00577,0.0,0.0,0.0121,0.0074,0.017,0.0,0.0
020MC22-1-27,0.0342,0.13,0.87,0.0871,0.591,137.38,2.38,15.61,125.82,0.105,0.691,0.0362,0.289,14.14,0.044,0.0226,0.0053,0.00503,0.0,0.0069,0.00842,0.015,0.00414,0.0,0.00458,0.0,0.0116,0.00601,0.017,0.0,0.0074,0.00417,0.0112,0.00263,0.0,0.00485,0.0135,0.0032,0.0112,0.00576,0.00532
021MC22-2-1,0.0961,0.442,2.29,0.3,1.62,374.6,6.47,42.6,371.33,0.274,1.59,0.0872,0.814,38.54,0.118,0.0853,0.0,0.0316,0.0452,0.0274,0.0202,0.0355,0.0,0.0164,0.0119,0.0811,0.0652,0.0169,0.0587,0.0,0.0416,0.00909,0.0158,0.00523,0.0485,0.00556,0.0189,0.0052,0.0337,0.00809,0.00946
022MC22-2-5,0.0278,0.159,0.997,0.132,0.696,161.9,2.79,18.52,152.57,0.113,0.504,0.0443,0.358,16.61,0.0514,0.0284,0.0,0.0142,0.0117,0.0123,0.00933,0.016,0.00523,0.0,0.00437,0.0,0.0,0.00438,0.0263,0.00227,0.0,0.00527,0.00708,0.0,0.0154,0.0,0.0147,0.00233,0.0151,0.00726,0.00735
023MC22-2-8,0.0484,0.231,1.28,0.115,0.881,205.75,3.55,23.53,190.23,0.149,0.653,0.0547,0.454,20.7,0.0626,0.0402,0.0,0.0164,0.0,0.0138,0.00972,0.0207,0.0,0.00677,0.0075,0.0,0.019,0.0114,0.0,0.00416,0.0271,0.00683,0.00918,0.0,0.02,0.00458,0.011,0.00428,0.023,0.00471,0.00674
024KL2,0.0895,0.22,1.6,0.217,1.13,260.1,4.34,29.68,268.31,0.188,0.791,0.0747,0.556,26.63,0.0862,0.059,0.0,0.0172,0.0184,0.0193,0.0128,0.0274,0.0,0.00819,0.00485,0.0,0.023,0.00687,0.0,0.00356,0.0,0.00827,0.0111,0.0,0.0242,0.00679,0.0189,0.00366,0.0206,0.00805,0.00665
025KL2,0.0454,0.233,1.43,0.191,1.02,231.32,3.85,26.52,210.75,0.172,0.603,0.0612,0.515,23.34,0.0696,0.0439,0.0,0.0124,0.0324,0.0208,0.0112,0.00985,0.0,0.0144,0.00427,0.0355,0.0286,0.00855,0.0595,0.0,0.0182,0.00797,0.0169,0.00563,0.0151,0.00345,0.0117,0.00322,0.0246,0.00868,0.0
026KL2,0.0753,0.266,1.66,0.191,1.16,267.06,4.51,30.53,242.73,0.196,0.816,0.0595,0.589,26.99,0.0915,0.0527,0.0108,0.0205,0.0379,0.0173,0.0167,0.0258,0.0085,0.00846,0.00867,0.0,0.0237,0.0,0.0493,0.00367,0.0262,0.00853,0.0114,0.0066,0.0306,0.00404,0.0,0.00654,0.023,0.00587,0.00485
027N612,0.0391,0.192,1.16,0.123,0.79,186.45,3.17,21.34,163.6,0.136,0.56,0.0639,0.402,18.78,0.0568,0.0362,0.0105,0.0122,0.013,0.0137,0.00791,0.021,0.00584,0.00822,0.00543,0.0286,0.023,0.0109,0.0169,0.00356,0.0104,0.00524,0.00786,0.00262,0.0297,0.0,0.00943,0.0,0.0146,0.0,0.00665
028BCR2G,0.0561,0.31,1.62,0.141,1.13,257.84,4.44,29.57,231.51,0.187,0.569,0.0637,0.571,25.75,0.0797,0.0481,0.0151,0.0175,0.0264,0.0196,0.0148,0.0301,0.0119,0.0118,0.00698,0.0581,0.0405,0.00988,0.0243,0.00809,0.0,0.00922,0.0,0.00532,0.0246,0.00797,0.0235,0.0,0.0149,0.0,0.00478
029MC22-2-9,0.068,0.293,1.54,0.127,1.04,247.04,4.03,28.25,243.53,0.186,0.856,0.0694,0.539,24.42,0.0784,0.0529,0.0,0.0215,0.0178,0.0264,0.0123,0.0307,0.0,0.0,0.00576,0.0,0.0223,0.0,0.0402,0.00487,0.0201,0.00877,0.0152,0.0,0.0235,0.00537,0.0182,0.00355,0.0283,0.011,0.00643
030MC22-2-23,0.0629,0.335,1.86,0.159,1.3,301.06,5.12,34.37,289.15,0.224,0.639,0.0688,0.664,30.82,0.0982,0.0624,0.0,0.0196,0.0297,0.0292,0.0145,0.0256,0.00944,0.0,0.0124,0.0,0.0263,0.0111,0.0274,0.00406,0.0,0.0112,0.0,0.0,0.0196,0.00633,0.0263,0.0,0.0273,0.0,0.00928
031MC22-2-35,0.0916,0.328,1.81,0.185,1.25,290.82,4.8,33.4,297.45,0.233,0.439,0.0746,0.626,29.09,0.0954,0.0552,0.0165,0.0246,0.0456,0.0239,0.0117,0.0351,0.0159,0.0,0.00538,0.0,0.0,0.0132,0.0266,0.00395,0.0281,0.0058,0.0123,0.0041,0.0,0.00435,0.0148,0.00406,0.0296,0.00891,0.0
032MC22-2-32,0.0581,0.299,1.64,0.213,1.18,267.12,4.41,30.73,258.65,0.193,1.02,0.0674,0.597,27.32,0.0868,0.0599,0.0157,0.0181,0.0194,0.0305,0.0144,0.0236,0.0,0.0,0.00512,0.0426,0.0343,0.0162,0.0358,0.00375,0.0155,0.00552,0.0,0.00391,0.0,0.0,0.0199,0.0,0.0309,0.00599,0.00495
034MC22-2-30,0.133,0.706,3.73,0.451,2.62,600.06,10.48,69.34,558.88,0.417,0.0,0.135,1.29,60.26,0.182,0.127,0.0241,0.0393,0.0,0.0493,0.0278,0.0362,0.019,0.0,0.0176,0.0923,0.0526,0.0,0.095,0.0,0.067,0.0207,0.0439,0.012,0.0785,0.0,0.0304,0.0187,0.0581,0.0225,0.024
035MC22-2-24,0.0587,0.244,1.39,0.151,0.976,219.73,3.72,25.4,202.51,0.158,0.0,0.0534,0.495,22.38,0.0643,0.0456,0.0,0.0117,0.0154,0.0198,0.011,0.0162,0.0,0.00689,0.00575,0.0,0.0,0.00813,0.0201,0.00298,0.0212,0.00537,0.0185,0.00439,0.0144,0.00328,0.0273,0.00614,0.0284,0.0,0.00392
036MC22-2-27,0.0499,0.203,1.09,0.137,0.727,174.33,3.02,20.0,156.92,0.129,0.508,0.0453,0.393,17.8,0.0527,0.0357,0.0,0.0156,0.0236,0.0124,0.00928,0.0161,0.00754,0.0,0.00221,0.0,0.0,0.00624,0.0345,0.00228,0.0,0.00672,0.0101,0.00412,0.0191,0.0,0.00854,0.0,0.0122,0.00631,0.00301
037MC22-2-28,0.0488,0.243,1.23,0.185,0.872,195.1,3.35,22.51,180.9,0.144,0.629,0.0448,0.431,19.84,0.0661,0.0395,0.00836,0.0157,0.0207,0.0153,0.00923,0.0126,0.0,0.00926,0.00386,0.0,0.0183,0.00772,0.0331,0.00283,0.0116,0.0051,0.0197,0.0051,0.0361,0.0054,0.0106,0.00412,0.0151,0.00451,0.0
038MC22-2-29,0.0707,0.447,2.08,0.339,1.48,338.98,5.59,38.93,340.56,0.248,1.35,0.0689,0.752,34.39,0.123,0.081,0.0135,0.0382,0.0237,0.0304,0.0196,0.0381,0.0,0.015,0.00885,0.0,0.0419,0.00884,0.0309,0.00648,0.0188,0.00477,0.0201,0.0107,0.0221,0.00505,0.0382,0.0,0.0309,0.0073,0.0159
039MC22-2-29B,0.101,0.376,1.99,0.323,1.41,321.01,5.35,37.04,325.21,0.23,0.84,0.0753,0.698,32.47,0.0947,0.0734,0.0,0.021,0.039,0.0204,0.0166,0.0238,0.0144,0.0143,0.0103,0.0,0.0282,0.0146,0.0589,0.00436,0.0,0.00908,0.0384,0.00643,0.0298,0.00481,0.0282,0.00636,0.0465,0.00695,0.00811
040MC22-2-31,0.0664,0.357,1.84,0.26,1.32,294.21,4.89,33.94,251.62,0.224,0.782,0.0687,0.648,29.09,0.0925,0.0523,0.017,0.0195,0.021,0.019,0.0144,0.0338,0.00951,0.0133,0.00679,0.046,0.0372,0.0,0.0388,0.00703,0.0236,0.0119,0.0219,0.00424,0.0278,0.00447,0.0152,0.00418,0.0274,0.0129,0.00924
041MC22-2-40,0.104,0.423,2.31,0.284,1.69,370.43,6.34,42.75,331.61,0.247,0.568,0.0827,0.816,37.69,0.117,0.0765,0.0,0.0284,0.0373,0.0338,0.0194,0.0425,0.0,0.0167,0.011,0.0,0.0573,0.00986,0.0691,0.0102,0.0,0.00752,0.0225,0.00533,0.0247,0.00796,0.027,0.00526,0.0345,0.0141,0.0067
042KL2,0.0513,0.285,1.6,0.209,1.14,259.52,4.23,30.05,233.7,0.198,0.396,0.0476,0.565,25.2,0.0833,0.0533,0.0105,0.0221,0.0184,0.0167,0.00923,0.0194,0.0,0.0,0.00843,0.0,0.0231,0.0182,0.0341,0.00616,0.0146,0.00371,0.0192,0.00831,0.0172,0.00555,0.0133,0.00636,0.0295,0.00982,0.00809
043GOR132,0.054,0.28,1.43,0.164,1.05,230.75,3.79,26.8,228.97,0.171,0.697,0.064,0.513,22.79,0.0756,0.0508,0.0131,0.0174,0.0229,0.0147,0.0106,0.0312,0.00736,0.00727,0.00428,0.0355,0.0,0.0105,0.03,0.0,0.0182,0.00565,0.0169,0.00327,0.0263,0.00598,0.0,0.00323,0.0237,0.00864,0.0
044KL2,0.0847,0.346,1.91,0.247,1.38,307.84,4.94,35.62,293.25,0.221,0.679,0.0745,0.687,29.99,0.0994,0.0555,0.0,0.0317,0.0223,0.0233,0.0163,0.0384,0.0101,0.0,0.0102,0.0,0.0395,0.0118,0.0506,0.0061,0.0177,0.01,0.0134,0.00451,0.0,0.00475,0.0227,0.00445,0.0342,0.0119,0.008
045KL2,0.096,0.393,2.02,0.223,1.48,329.28,5.31,38.21,340.53,0.251,0.525,0.0764,0.733,33.01,0.122,0.0706,0.0,0.0262,0.0244,0.0221,0.0184,0.0332,0.0111,0.0219,0.0129,0.0,0.0306,0.0158,0.0639,0.00667,0.0,0.00694,0.0254,0.00697,0.0228,0.0052,0.0249,0.0,0.0252,0.015,0.0
046KL2,0.0694,0.403,2.05,0.228,1.51,335.33,5.28,38.91,297.58,0.251,1.07,0.0865,0.751,33.16,0.118,0.0673,0.0,0.0134,0.0,0.0345,0.0149,0.0303,0.0114,0.0,0.0104,0.0772,0.0541,0.0093,0.0327,0.00482,0.0198,0.0112,0.0212,0.00713,0.0,0.00531,0.0254,0.00497,0.0383,0.0,0.0109
047GOR128,0.0582,0.289,1.34,0.195,0.952,217.82,3.49,25.11,187.0,0.165,0.467,0.0562,0.492,20.66,0.076,0.0463,0.0124,0.0184,0.0217,0.016,0.00819,0.0132,0.007,0.0069,0.0076,0.0,0.0193,0.00573,0.0349,0.0042,0.0173,0.00536,0.013,0.00621,0.0381,0.00732,0.0221,0.00306,0.0247,0.00668,0.00389
048MC59-1-2A,0.0474,0.266,1.23,0.162,0.893,199.89,3.24,23.05,192.78,0.148,0.323,0.0437,0.435,19.04,0.0607,0.0339,0.0086,0.0139,0.015,0.0157,0.0098,0.0129,0.00686,0.00675,0.00628,0.0,0.0326,0.00561,0.0341,0.00649,0.0119,0.00677,0.0156,0.0043,0.0,0.00554,0.0153,0.00424,0.0197,0.00653,0.00538
049MC59-2-1A,0.053,0.241,1.22,0.133,0.879,196.9,3.23,22.75,189.21,0.143,0.58,0.0476,0.432,20.37,0.0662,0.0372,0.00771,0.0177,0.0269,0.0122,0.00914,0.0183,0.0123,0.00606,0.00356,0.0417,0.0293,0.0101,0.025,0.00368,0.0151,0.00607,0.0229,0.00386,0.0126,0.0,0.0168,0.00465,0.0177,0.00717,0.00902
050MC59-2-6A,0.0759,0.364,1.78,0.243,1.32,290.6,4.79,33.68,279.56,0.21,0.898,0.0723,0.641,29.31,0.0913,0.0548,0.0,0.025,0.0,0.0188,0.0166,0.0359,0.0,0.0,0.00676,0.0456,0.0453,0.0135,0.0474,0.00806,0.0,0.0084,0.0177,0.00422,0.0196,0.00628,0.0212,0.00416,0.0306,0.0143,0.0118
051MC59-9-1A,0.0501,0.301,1.5,0.187,1.04,238.01,3.89,27.61,242.33,0.178,0.811,0.0616,0.533,23.74,0.0795,0.0466,0.0,0.0128,0.0238,0.0233,0.0145,0.0251,0.00771,0.0,0.00546,0.0,0.0299,0.0,0.0221,0.00564,0.019,0.00679,0.0175,0.00341,0.0274,0.00508,0.0,0.00476,0.0248,0.00897,0.00426
052MC59-9-1B,0.12,0.623,3.0,0.248,2.11,477.98,7.78,55.33,447.32,0.343,1.48,0.117,1.07,48.53,0.156,0.0903,0.0,0.026,0.0343,0.0439,0.0316,0.0418,0.0157,0.0,0.0158,0.106,0.0431,0.0128,0.0782,0.00664,0.0273,0.0155,0.0206,0.0121,0.0722,0.0127,0.035,0.0119,0.053,0.0106,0.0
053MC59-9-1B2,0.198,0.892,4.45,0.692,3.11,711.55,11.73,82.66,641.23,0.541,1.12,0.148,1.61,68.5,0.206,0.113,0.0,0.0279,0.0522,0.0385,0.0366,0.0711,0.0,0.0408,0.0169,0.0,0.131,0.039,0.0,0.0101,0.0415,0.0258,0.0626,0.0237,0.0491,0.0157,0.0376,0.0147,0.0688,0.0227,0.0187
054MC59-2-8A,0.0434,0.245,1.2,0.161,0.876,193.6,3.18,22.47,177.55,0.144,0.297,0.0391,0.442,19.22,0.0607,0.0322,0.0112,0.0181,0.0,0.0176,0.00931,0.0119,0.00633,0.0,0.00856,0.0426,0.03,0.0,0.0444,0.00533,0.0,0.00481,0.00826,0.00484,0.013,0.00509,0.00992,0.00477,0.0203,0.0,0.00603
055MC59-1-3A,0.0702,0.352,1.56,0.224,1.14,250.95,4.06,29.25,225.58,0.181,0.771,0.0561,0.56,24.45,0.0849,0.0539,0.0103,0.0166,0.0179,0.0187,0.0116,0.0327,0.00822,0.0,0.00581,0.0,0.0318,0.00668,0.0236,0.00599,0.0142,0.00884,0.0152,0.0,0.0238,0.00381,0.0129,0.0,0.0236,0.011,0.0
056MC59-1-3B,0.0436,0.365,1.68,0.242,1.16,265.18,4.39,30.87,225.4,0.178,0.566,0.0713,0.589,26.58,0.0862,0.057,0.0151,0.0199,0.0,0.0256,0.0147,0.032,0.0121,0.0,0.00778,0.0575,0.0233,0.017,0.0245,0.00622,0.0209,0.00649,0.0223,0.00653,0.0175,0.0056,0.0189,0.00525,0.0194,0.00987,0.00937
057MC59-1-7B,0.0609,0.349,1.67,0.276,1.21,268.28,4.44,31.16,249.68,0.199,0.723,0.066,0.609,26.68,0.0958,0.0606,0.0,0.0231,0.0,0.0143,0.0125,0.0264,0.00892,0.0152,0.00812,0.0,0.0487,0.0125,0.0255,0.00375,0.0267,0.00957,0.0116,0.00557,0.0408,0.00584,0.0139,0.00547,0.0271,0.00841,0.0
058MC82-6,0.0259,0.226,0.993,0.12,0.722,158.07,2.56,18.35,153.73,0.113,0.336,0.0321,0.345,15.98,0.0526,0.037,0.0,0.0177,0.0,0.0129,0.00545,0.0202,0.00881,0.00705,0.00585,0.0,0.0196,0.00412,0.0252,0.00213,0.0152,0.00589,0.0115,0.00224,0.0104,0.00333,0.0194,0.00382,0.0115,0.00479,0.00482
059MC82-11,0.0847,0.552,2.36,0.365,1.75,381.57,6.16,44.2,336.07,0.271,1.16,0.0805,0.869,38.44,0.116,0.0811,0.0155,0.0352,0.0381,0.0199,0.0159,0.0519,0.0124,0.0,0.0124,0.0,0.0,0.0142,0.0711,0.00521,0.0214,0.0144,0.028,0.00775,0.0,0.00813,0.0,0.0,0.0333,0.0165,0.00679
060MC82-29,0.0839,0.47,2.26,0.318,1.57,357.68,5.81,41.57,336.66,0.266,0.546,0.0846,0.804,34.32,0.112,0.0665,0.0145,0.027,0.0358,0.0229,0.0177,0.0345,0.0117,0.0,0.0106,0.0,0.0319,0.0164,0.0579,0.00693,0.0202,0.00885,0.0152,0.00515,0.0338,0.00764,0.0257,0.00716,0.041,0.0,0.00903
061MC82-35,0.0902,0.414,1.98,0.242,1.42,314.31,4.98,36.61,294.54,0.228,0.83,0.0743,0.707,30.01,0.0983,0.0642,0.0128,0.0,0.0314,0.0259,0.019,0.0428,0.0145,0.0142,0.0059,0.0486,0.0396,0.0083,0.0415,0.00745,0.025,0.00777,0.0,0.00784,0.0297,0.00671,0.032,0.0,0.0329,0.00682,0.0056
062MC82-37,0.0458,0.308,1.13,0.162,0.818,181.63,3.02,21.12,172.26,0.137,0.472,0.0405,0.406,18.11,0.0574,0.0388,0.0,0.0117,0.0219,0.00658,0.0108,0.0154,0.00584,0.00572,0.0053,0.0,0.0159,0.00471,0.0409,0.00244,0.0142,0.00255,0.0107,0.00364,0.0169,0.0,0.0222,0.00357,0.0102,0.00387,0.00551
063MC82-39,0.0459,0.355,1.37,0.178,0.977,216.02,3.54,25.15,197.83,0.157,0.58,0.0549,0.485,20.69,0.0697,0.0438,0.0,0.0143,0.0155,0.0214,0.0104,0.0299,0.00719,0.0122,0.00824,0.0,0.039,0.00819,0.0355,0.00424,0.0123,0.00443,0.0186,0.0,0.0146,0.00331,0.0158,0.0076,0.0206,0.00672,0.00676
064KL2,0.0637,0.396,1.59,0.176,1.14,256.51,4.02,29.94,243.24,0.185,0.792,0.0672,0.559,23.87,0.0857,0.0494,0.0,0.0219,0.0183,0.0,0.0102,0.0224,0.0,0.0,0.00975,0.0,0.0327,0.00969,0.0595,0.00615,0.0253,0.00524,0.0269,0.00648,0.0388,0.00392,0.0,0.00367,0.0258,0.00563,0.00924
065KL2,0.053,0.318,1.36,0.154,1.0,218.2,3.47,25.52,208.68,0.163,0.773,0.0556,0.513,20.04,0.0615,0.0409,0.0,0.0171,0.016,0.0236,0.0107,0.0239,0.00743,0.0,0.00737,0.0,0.0,0.012,0.0424,0.00438,0.0127,0.00723,0.0136,0.00462,0.0303,0.0,0.0115,0.00453,0.013,0.0085,0.0057
066KL2,0.0744,0.551,2.24,0.214,1.59,353.99,5.66,41.36,337.88,0.251,0.941,0.0807,0.807,31.93,0.116,0.0742,0.0289,0.019,0.0503,0.0227,0.0175,0.0266,0.0165,0.0114,0.0106,0.0,0.0,0.0188,0.0577,0.00689,0.0,0.0134,0.0151,0.0136,0.0412,0.00759,0.0181,0.00872,0.029,0.0,0.00895
067KL2,0.0836,0.6,2.39,0.317,1.74,384.36,5.98,44.78,361.87,0.271,1.06,0.0964,0.85,35.84,0.143,0.051,0.0,0.0261,0.0,0.0255,0.0148,0.0298,0.0131,0.0128,0.015,0.0618,0.0504,0.0,0.0749,0.00547,0.0503,0.00808,0.0239,0.00999,0.0535,0.00603,0.0203,0.00566,0.0548,0.0122,0.0142
068GOR132,0.0456,0.365,1.47,0.183,1.07,237.36,3.75,27.82,201.28,0.171,0.942,0.0596,0.543,23.07,0.0741,0.0455,0.0102,0.0164,0.0,0.0207,0.00989,0.0287,0.0,0.0114,0.0067,0.0675,0.0318,0.00665,0.0334,0.00345,0.0142,0.00882,0.0185,0.0063,0.0238,0.00659,0.0,0.00618,0.0265,0.00945,0.00633
069GOR128,0.0457,0.333,1.41,0.17,1.02,231.97,3.69,27.03,213.97,0.164,1.07,0.0553,0.53,21.43,0.0719,0.0507,0.00951,0.0124,0.0165,0.0211,0.011,0.0175,0.0109,0.00751,0.00695,0.0,0.0295,0.0138,0.0,0.0032,0.0132,0.00473,0.014,0.00585,0.0157,0.00353,0.0119,0.00331,0.0206,0.00877,0.00831
070BCR2G,0.0898,0.565,2.17,0.32,1.54,347.62,5.46,40.59,326.91,0.257,0.929,0.083,0.761,33.05,0.104,0.0615,0.0286,0.0264,0.0496,0.0289,0.0189,0.0338,0.0,0.0,0.0104,0.0543,0.0626,0.0161,0.0466,0.00832,0.0395,0.01,0.0297,0.00507,0.0333,0.0075,0.0178,0.0,0.0405,0.0132,0.00623
071MC82-12,0.0672,0.461,1.9,0.228,1.39,305.14,4.77,35.54,283.66,0.228,0.927,0.076,0.692,29.49,0.0937,0.0605,0.0124,0.0,0.0,0.0316,0.0153,0.0293,0.0,0.00976,0.0107,0.0,0.0383,0.0212,0.0494,0.0,0.0,0.0123,0.0128,0.00982,0.0288,0.00458,0.0267,0.0086,0.0351,0.00929,0.0132
072MC82-12B,0.081,0.494,1.82,0.245,1.33,289.47,4.55,33.71,259.86,0.209,0.896,0.0707,0.665,27.61,0.103,0.0432,0.0,0.0221,0.0415,0.0264,0.0153,0.0334,0.0137,0.0133,0.0078,0.0453,0.0262,0.0134,0.0389,0.00401,0.0,0.00419,0.0175,0.00848,0.0278,0.00443,0.0364,0.00831,0.0339,0.00634,0.00736
073MC82-19,0.0611,0.598,2.44,0.354,1.74,395.23,6.11,46.06,393.47,0.28,0.895,0.0898,0.908,39.09,0.133,0.0897,0.0,0.0348,0.0293,0.0215,0.0171,0.0253,0.0,0.0133,0.0156,0.0,0.0523,0.0219,0.0778,0.00802,0.033,0.0118,0.0175,0.0,0.0393,0.00884,0.0364,0.0083,0.0391,0.0127,0.0
074MC82-21,0.0343,0.258,0.982,0.144,0.691,154.42,2.42,18.07,145.19,0.12,0.41,0.0427,0.351,15.15,0.0528,0.0279,0.00631,0.00823,0.0,0.0114,0.00781,0.0116,0.00513,0.00705,0.00505,0.0,0.0239,0.00578,0.0252,0.00212,0.0195,0.00443,0.0146,0.00501,0.0,0.00405,0.0136,0.00219,0.0187,0.00335,0.00388
075MC82-28,0.0511,0.327,1.35,0.144,0.991,215.23,3.33,25.24,192.97,0.156,0.67,0.0464,0.487,20.68,0.0804,0.0395,0.00894,0.0117,0.0155,0.0213,0.0124,0.0164,0.00727,0.0,0.00715,0.0,0.0196,0.0142,0.0,0.00425,0.0123,0.00544,0.0185,0.00636,0.0,0.00663,0.0157,0.0044,0.0254,0.00671,0.00389
076MC82-32,0.0244,0.247,0.995,0.163,0.691,154.52,2.48,18.09,151.26,0.109,0.437,0.0383,0.359,14.68,0.048,0.0351,0.00673,0.0062,0.0117,0.0182,0.00607,0.0159,0.00548,0.0,0.00381,0.0,0.0148,0.00617,0.0155,0.00226,0.0,0.00473,0.00698,0.00239,0.0222,0.00499,0.0118,0.00234,0.0175,0.00357,0.00585
077MC82-40,0.037,0.435,1.53,0.234,1.09,242.26,4.0,28.38,233.64,0.176,0.767,0.0617,0.549,23.08,0.0859,0.0439,0.0102,0.0163,0.0251,0.0206,0.0122,0.0153,0.0144,0.00809,0.01,0.0388,0.0317,0.0115,0.0,0.00343,0.0141,0.00359,0.0184,0.0063,0.0238,0.0,0.018,0.00503,0.0252,0.00767,0.00444
078MC82-5,0.0585,0.373,1.3,0.194,0.938,205.7,3.26,24.05,189.44,0.15,0.562,0.0512,0.467,19.81,0.0719,0.0422,0.0122,0.0113,0.0,0.0234,0.00913,0.0205,0.0,0.00684,0.00283,0.0328,0.0328,0.0056,0.0346,0.00411,0.0119,0.00304,0.0179,0.00308,0.0202,0.00555,0.0186,0.00737,0.0225,0.00648,0.00531
079MC99U-7,0.085,0.548,1.96,0.275,1.39,313.95,5.07,36.73,300.14,0.243,0.847,0.071,0.722,29.55,0.0963,0.0623,0.0185,0.0208,0.032,0.0166,0.0166,0.0239,0.0,0.0103,0.0,0.0495,0.0495,0.012,0.0302,0.00438,0.018,0.00648,0.0191,0.00657,0.0373,0.00684,0.0,0.00908,0.0339,0.00978,0.00981
080MC99U-10,0.0494,0.636,2.02,0.358,1.49,329.0,5.39,38.46,291.73,0.244,0.725,0.0727,0.741,31.07,0.115,0.074,0.0193,0.0178,0.0,0.0275,0.0163,0.0323,0.0112,0.0,0.0118,0.0733,0.0519,0.00886,0.0548,0.00918,0.0267,0.0118,0.0,0.00689,0.0,0.00717,0.034,0.00824,0.0225,0.0145,0.0103
081KL2,0.0864,0.717,2.63,0.474,1.89,424.99,6.61,49.75,388.87,0.318,1.66,0.101,0.989,38.67,0.15,0.0729,0.0,0.0333,0.0444,0.0282,0.023,0.0331,0.0,0.0143,0.0167,0.0,0.0561,0.0203,0.0,0.00607,0.0,0.00898,0.0324,0.0,0.0299,0.0067,0.0,0.0089,0.0394,0.00958,0.00785
082KL2,0.0677,0.567,2.26,0.358,1.65,364.2,5.52,42.77,350.05,0.286,0.575,0.0733,0.832,34.42,0.125,0.0676,0.0153,0.0345,0.0531,0.0195,0.0175,0.0397,0.0177,0.0172,0.0112,0.058,0.0336,0.0172,0.0501,0.00727,0.0299,0.0108,0.0224,0.00772,0.0,0.00803,0.019,0.0,0.0419,0.0,0.00939
083KL2,0.0519,0.534,2.04,0.267,1.46,329.13,4.93,38.77,298.34,0.277,0.763,0.0867,0.775,31.0,0.113,0.0717,0.0204,0.0295,0.0,0.0259,0.0164,0.0456,0.0167,0.0114,0.0124,0.0545,0.0315,0.0208,0.0471,0.00483,0.0199,0.0101,0.021,0.00888,0.0238,0.00533,0.0357,0.00867,0.0375,0.0186,0.00881
084N612,0.0298,0.353,1.23,0.186,0.911,196.68,3.0,22.9,175.42,0.15,0.536,0.055,0.456,19.3,0.0628,0.0446,0.00826,0.0152,0.0248,0.00743,0.00978,0.0124,0.0,0.0,0.00468,0.0313,0.0314,0.00926,0.0,0.00277,0.0114,0.00502,0.0171,0.00294,0.0136,0.0,0.0229,0.00287,0.0281,0.0107,0.00715
085N612,0.0522,0.367,1.24,0.164,0.901,193.81,3.12,22.66,178.46,0.146,0.628,0.0514,0.46,18.87,0.0677,0.0301,0.0,0.0109,0.0,0.0106,0.00836,0.0234,0.00687,0.00664,0.00474,0.0448,0.0,0.00766,0.0475,0.00281,0.02,0.00509,0.015,0.00298,0.0138,0.0,0.0208,0.0,0.0138,0.0,0.0081
086N612,0.041,0.419,1.28,0.16,0.911,202.14,3.32,23.61,182.25,0.154,0.722,0.0583,0.475,19.23,0.0707,0.0335,0.00862,0.0158,0.0149,0.0173,0.00942,0.0204,0.01,0.00967,0.00563,0.0,0.0189,0.0125,0.02,0.00646,0.0119,0.00524,0.0089,0.00307,0.0201,0.00319,0.0151,0.003,0.0159,0.00644,0.00645
