No.,element,peak_mm,net_cps,bg_minus,bg_plus,sd_pct,dl_ppm,flagged
1,Mg,107.54,65873.2,299.4,243.4,0.09,39.0,False
1,Mn,146.037,71.6,89.7,81.0,2.82,33.0,False
1,Fe,134.743,1378.6,0.0,20.3,0.61,99.0,False
1,Si,77.808,25670.1,181.2,107.2,0.14,59.0,False
1,Ca,107.775,212.1,269.3,234.4,1.64,14.0,False
1,Cr,159.16,12.3,63.4,61.1,17.37,48.0,False
1,Ni,115.404,54.2,36.4,32.5,2.64,64.0,False
1,Al,90.986,17.9,79.2,64.9,11.42,24.0,False
2,Mg,107.54,65862.0,289.9,242.5,0.09,39.0,False
2,Mn,146.037,68.7,92.8,80.0,2.94,33.0,False
2,Fe,134.743,1390.3,0.0,20.0,0.6,98.0,False
2,Si,77.808,25777.6,190.6,103.1,0.14,59.0,False
2,Ca,107.775,203.3,271.3,235.8,1.71,14.0,False
2,Cr,159.16,6.4,63.1,66.4,33.24,49.0,False
2,Ni,115.404,56.4,36.4,31.9,2.56,64.0,False
2,Al,90.986,18.7,79.8,64.8,10.94,24.0,False
3,Mg,107.54,65831.4,294.8,232.3,0.09,39.0,False
3,Mn,146.037,70.0,91.2,79.8,2.88,33.0,False
3,Fe,134.743,1373.4,0.0,22.6,0.61,104.0,False
3,Si,77.808,25699.5,192.2,104.8,0.14,59.0,False
3,Ca,107.775,216.0,272.7,231.8,1.62,14.0,False
3,Cr,159.16,7.1,66.4,63.8,30.17,49.0,False
3,Ni,115.404,51.3,35.8,32.1,2.75,64.0,False
3,Al,90.986,19.6,78.3,65.5,10.46,24.0,False
4,Mg,107.54,58573.5,293.9,225.6,0.09,38.0,False
4,Mn,146.037,118.2,95.2,86.9,1.9,34.0,False
4,Fe,134.743,2107.3,0.0,21.6,0.49,102.0,False
4,Si,77.808,25077.5,188.4,110.2,0.14,60.0,False
4,Ca,107.775,739.5,289.1,244.5,0.63,14.0,False
4,Cr,159.16,14.3,70.1,66.3,15.67,50.0,False
4,Ni,115.404,30.3,37.1,34.2,4.3,65.0,False
4,Al,90.986,20.3,83.4,63.3,10.24,24.0,False
5,Mg,107.54,58045.4,301.6,232.2,0.09,39.0,False
5,Mn,146.037,125.9,93.3,85.5,1.8,34.0,False
5,Fe,134.743,2164.0,0.0,21.4,0.48,101.0,False
5,Si,77.808,24965.4,180.8,100.0,0.14,58.0,False
5,Ca,107.775,738.7,282.2,242.9,0.62,14.0,False
5,Cr,159.16,9.8,70.1,72.5,22.9,51.0,False
5,Ni,115.404,29.2,38.1,34.0,4.45,66.0,False
5,Al,90.986,19.2,79.5,67.8,10.73,24.0,False
6,Mg,107.54,59335.6,285.8,228.3,0.09,38.0,False
6,Mn,146.037,107.8,97.7,86.7,2.06,35.0,False
6,Fe,134.743,2022.4,0.0,25.2,0.5,110.0,False
6,Si,77.808,25810.0,186.5,111.1,0.14,59.0,False
6,Ca,107.775,703.9,283.2,238.9,0.65,14.0,False
6,Cr,159.16,10.7,68.9,69.6,20.85,51.0,False
6,Ni,115.404,31.0,37.3,32.7,4.19,65.0,False
6,Al,90.986,14.1,83.0,67.3,14.59,24.0,False
7,Mg,107.54,57018.8,296.8,233.2,0.09,39.0,False
7,Mn,146.037,122.4,94.0,87.8,1.85,34.0,False
7,Fe,134.743,2229.4,0.0,25.5,0.48,111.0,False
7,Si,77.808,26057.1,194.3,110.9,0.14,60.0,False
7,Ca,107.775,715.4,292.7,247.7,0.64,14.0,False
7,Cr,159.16,7.2,69.1,61.9,29.95,49.0,False
7,Ni,115.404,26.8,35.9,34.5,4.75,65.0,False
7,Al,90.986,20.1,87.5,65.6,10.56,25.0,False
8,Mg,107.54,56802.8,292.4,216.8,0.09,38.0,False
8,Mn,146.037,123.4,98.3,86.5,1.85,35.0,False
8,Fe,134.743,2215.7,0.0,23.4,0.48,106.0,False
8,Si,77.808,24937.8,185.8,107.9,0.14,59.0,False
8,Ca,107.775,721.5,285.4,240.5,0.64,14.0,False
8,Cr,159.16,4.5,71.6,68.5,49.21,51.0,True
8,Ni,115.404,28.8,36.9,34.7,4.5,65.0,False
8,Al,90.986,22.2,80.5,67.0,9.41,24.0,False
9,Mg,107.54,56209.7,285.8,223.8,0.09,38.0,False
9,Mn,146.037,120.4,95.9,88.1,1.88,34.0,False
9,Fe,134.743,2238.0,0.0,23.7,0.48,107.0,False
9,Si,77.808,25405.5,189.2,113.1,0.14,60.0,False
9,Ca,107.775,705.8,285.6,243.8,0.65,14.0,False
9,Cr,159.16,2.0,70.7,71.3,109.87,51.0,True
9,Ni,115.404,29.2,36.7,32.9,4.39,64.0,False
9,Al,90.986,27.8,85.6,69.5,7.8,25.0,False
10,Mg,107.54,61117.8,299.6,235.8,0.09,39.0,False
10,Mn,146.037,100.7,94.6,84.4,2.16,34.0,False
10,Fe,134.743,1852.8,0.0,23.0,0.52,105.0,False
10,Si,77.808,25278.0,187.1,106.6,0.14,59.0,False
10,Ca,107.775,749.0,276.4,238.9,0.62,14.0,False
10,Cr,159.16,16.8,67.6,65.8,13.35,50.0,False
10,Ni,115.404,30.0,36.8,33.2,4.31,65.0,False
10,Al,90.986,25.6,81.1,63.2,8.17,24.0,False
11,Mg,107.54,61005.2,290.2,225.2,0.09,38.0,False
11,Mn,146.037,106.4,94.3,81.8,2.05,34.0,False
11,Fe,134.743,1881.9,0.0,21.1,0.52,101.0,False
11,Si,77.808,25302.3,194.1,111.6,0.14,60.0,False
11,Ca,107.775,744.0,278.2,241.8,0.62,14.0,False
11,Cr,159.16,12.8,71.5,70.5,17.73,51.0,False
11,Ni,115.404,31.5,36.8,32.7,4.12,64.0,False
11,Al,90.986,13.8,84.7,65.3,14.95,24.0,False
12,Mg,107.54,61035.4,303.5,228.8,0.09,39.0,False
12,Mn,146.037,101.6,93.7,83.9,2.13,34.0,False
12,Fe,134.743,1862.9,0.0,22.2,0.52,103.0,False
12,Si,77.808,26131.0,185.6,114.6,0.14,60.0,False
12,Ca,107.775,735.6,280.7,240.7,0.63,14.0,False
12,Cr,159.16,17.5,68.2,65.5,12.83,50.0,False
12,Ni,115.404,31.1,38.3,32.5,4.19,65.0,False
12,Al,90.986,19.6,81.3,61.4,10.45,24.0,False
13,Mg,107.54,61230.6,297.9,231.6,0.09,39.0,False
13,Mn,146.037,102.7,91.9,82.3,2.1,34.0,False
13,Fe,134.743,1866.4,0.0,23.5,0.52,107.0,False
13,Si,77.808,25922.5,177.4,116.1,0.14,59.0,False
13,Ca,107.775,752.4,277.1,235.4,0.61,14.0,False
13,Cr,159.16,13.3,68.3,67.1,16.76,50.0,False
13,Ni,115.404,32.4,36.2,32.7,4.01,64.0,False
13,Al,90.986,20.0,83.1,64.8,10.4,24.0,False
14,Mg,107.54,60802.4,299.9,238.9,0.09,39.0,False
14,Mn,146.037,98.9,95.7,87.9,2.2,34.0,False
14,Fe,134.743,1890.0,0.0,25.0,0.52,110.0,False
14,Si,77.808,26001.7,187.5,106.9,0.14,59.0,False
14,Ca,107.775,735.1,274.3,239.1,0.62,14.0,False
14,Cr,159.16,13.4,65.8,65.4,16.42,49.0,False
14,Ni,115.404,32.5,37.2,32.1,4.01,64.0,False
14,Al,90.986,13.0,82.2,64.1,15.65,24.0,False
15,Mg,107.54,61591.7,303.1,224.7,0.09,39.0,False
15,Mn,146.037,99.7,92.8,87.3,2.17,34.0,False
15,Fe,134.743,1824.9,0.0,23.4,0.53,106.0,False
15,Si,77.808,25125.1,180.4,107.7,0.14,58.0,False
15,Ca,107.775,741.5,274.5,236.3,0.62,14.0,False
15,Cr,159.16,16.2,68.3,67.4,13.91,50.0,False
15,Ni,115.404,32.4,36.0,32.4,4.01,64.0,False
15,Al,90.986,21.5,82.7,63.3,9.66,24.0,False
16,Mg,107.54,58861.5,298.4,227.3,0.09,39.0,False
16,Mn,146.037,114.6,95.6,84.8,1.94,34.0,False
16,Fe,134.743,2077.6,0.0,24.1,0.49,108.0,False
16,Si,77.808,25929.8,187.6,115.7,0.14,60.0,False
16,Ca,107.775,679.1,285.6,243.7,0.66,14.0,False
16,Cr,159.16,27.6,70.7,66.0,8.47,50.0,False
16,Ni,115.404,29.2,38.2,33.5,4.44,65.0,False
16,Al,90.986,21.0,84.0,64.4,9.98,24.0,False
17,Mg,107.54,58897.9,295.4,231.7,0.09,39.0,False
17,Mn,146.037,111.0,99.0,85.4,2.01,35.0,False
17,Fe,134.743,2078.6,0.0,21.8,0.49,102.0,False
17,Si,77.808,25246.8,188.1,111.4,0.14,60.0,False
17,Ca,107.775,673.9,282.3,241.3,0.67,14.0,False
17,Cr,159.16,11.3,69.3,69.7,19.87,51.0,False
17,Ni,115.404,31.6,37.7,33.3,4.14,65.0,False
17,Al,90.986,15.9,80.7,65.0,12.84,24.0,False
18,Mg,107.54,58967.9,301.7,231.5,0.09,39.0,False
18,Mn,146.037,113.3,96.3,86.7,1.97,34.0,False
18,Fe,134.743,2091.8,0.0,23.8,0.49,107.0,False
18,Si,77.808,25190.1,188.3,111.0,0.14,60.0,False
18,Ca,107.775,664.1,285.6,241.7,0.67,14.0,False
18,Cr,159.16,6.1,74.7,66.1,36.0,51.0,True
18,Ni,115.404,31.3,36.2,33.5,4.14,64.0,False
18,Al,90.986,15.8,80.9,66.0,12.95,24.0,False
19,Mg,107.54,61086.9,299.4,236.6,0.09,39.0,False
19,Mn,146.037,106.2,93.5,81.4,2.05,34.0,False
19,Fe,134.743,1854.5,0.0,22.0,0.52,103.0,False
19,Si,77.808,25150.0,183.4,115.1,0.14,59.0,False
19,Ca,107.775,733.4,278.3,236.5,0.63,14.0,False
19,Cr,159.16,15.9,68.7,65.8,14.11,50.0,False
19,Ni,115.404,32.7,35.6,34.5,4.0,65.0,False
19,Al,90.986,16.3,84.0,64.3,12.67,24.0,False
20,Mg,107.54,61327.8,286.7,232.4,0.09,38.0,False
20,Mn,146.037,96.9,91.3,85.6,2.21,34.0,False
20,Fe,134.743,1846.6,0.0,21.8,0.52,102.0,False
20,Si,77.808,25193.1,182.4,102.9,0.14,58.0,False
20,Ca,107.775,736.6,277.6,239.0,0.62,14.0,False
20,Cr,159.16,16.0,69.8,65.9,14.02,50.0,False
20,Ni,115.404,32.1,37.9,32.3,4.07,65.0,False
20,Al,90.986,15.2,84.1,66.0,13.63,24.0,False
21,Mg,107.54,60885.1,295.2,226.2,0.09,38.0,False
21,Mn,146.037,106.0,94.3,80.9,2.06,34.0,False
21,Fe,134.743,1894.3,0.0,24.6,0.52,109.0,False
21,Si,77.808,25163.2,187.0,104.4,0.14,59.0,False
21,Ca,107.775,772.0,283.2,241.9,0.61,14.0,False
21,Cr,159.16,12.5,67.0,68.5,17.74,50.0,False
21,Ni,115.404,32.7,36.6,32.5,3.98,64.0,False
21,Al,90.986,17.7,80.9,64.4,11.55,24.0,False
22,Mg,107.54,59056.1,289.9,225.7,0.09,38.0,False
22,Mn,146.037,114.2,91.6,84.8,1.93,34.0,False
22,Fe,134.743,2060.2,0.0,23.6,0.5,107.0,False
22,Si,77.808,25102.6,187.7,104.9,0.14,59.0,False
22,Ca,107.775,715.4,279.9,239.8,0.64,14.0,False
22,Cr,159.16,15.7,74.2,70.5,14.69,52.0,False
22,Ni,115.404,33.4,38.4,32.3,3.95,65.0,False
22,Al,90.986,17.0,82.3,62.3,12.03,24.0,False
23,Mg,107.54,59280.0,307.0,230.1,0.09,39.0,False
23,Mn,146.037,116.6,94.9,84.5,1.91,34.0,False
23,Fe,134.743,2068.5,0.0,22.0,0.49,103.0,False
23,Si,77.808,25199.2,192.2,115.1,0.14,60.0,False
23,Ca,107.775,705.2,284.4,246.7,0.65,14.0,False
23,Cr,159.16,9.0,69.9,68.9,24.54,51.0,False
23,Ni,115.404,33.6,35.8,34.6,3.92,65.0,False
23,Al,90.986,16.0,85.6,67.4,13.09,25.0,False
24,Mg,107.54,59229.3,303.2,234.0,0.09,39.0,False
24,Mn,146.037,110.9,94.6,86.0,2.0,34.0,False
24,Fe,134.743,2039.0,0.0,27.1,0.5,114.0,False
24,Si,77.808,25926.5,191.6,109.2,0.14,60.0,False
24,Ca,107.775,705.1,281.5,244.7,0.65,14.0,False
24,Cr,159.16,9.3,70.1,68.8,23.87,51.0,False
24,Ni,115.404,32.8,36.6,32.6,3.98,64.0,False
24,Al,90.986,22.3,83.4,66.4,9.43,24.0,False
25,Mg,107.54,66008.8,303.4,243.0,0.09,39.0,False
25,Mn,146.037,69.8,92.1,82.4,2.91,34.0,False
25,Fe,134.743,1376.1,0.0,21.3,0.61,101.0,False
25,Si,77.808,25701.1,186.6,102.8,0.14,59.0,False
25,Ca,107.775,206.3,275.8,230.0,1.69,14.0,False
25,Cr,159.16,2.8,67.3,63.2,74.31,49.0,True
25,Ni,115.404,52.2,35.7,32.8,2.72,64.0,False
25,Al,90.986,17.9,82.5,64.5,11.54,24.0,False
26,Mg,107.54,66078.7,313.4,242.4,0.09,40.0,False
26,Mn,146.037,72.5,89.2,84.7,2.81,33.0,False
26,Fe,134.743,1365.1,0.0,22.6,0.61,104.0,False
26,Si,77.808,25675.7,189.4,107.2,0.14,59.0,False
26,Ca,107.775,216.8,268.5,227.6,1.6,14.0,False
26,Cr,159.16,5.6,68.7,62.2,37.91,49.0,True
26,Ni,115.404,54.0,34.1,33.2,2.63,63.0,False
26,Al,90.986,18.2,81.7,64.5,11.3,24.0,False
27,Mg,107.54,66044.4,302.7,243.3,0.09,39.0,False
27,Mn,146.037,66.5,92.4,82.9,3.04,34.0,False
27,Fe,134.743,1379.5,0.0,21.4,0.61,101.0,False
27,Si,77.808,25574.5,172.8,116.6,0.14,58.0,False
27,Ca,107.775,215.3,272.9,232.6,1.62,14.0,False
27,Cr,159.16,7.5,67.9,64.4,28.66,49.0,False
27,Ni,115.404,51.2,36.6,30.9,2.75,63.0,False
27,Al,90.986,20.9,80.7,63.7,9.87,24.0,False
28,Mg,107.54,61040.3,288.3,234.7,0.09,38.0,False
28,Mn,146.037,96.9,94.1,85.5,2.22,34.0,False
28,Fe,134.743,1820.4,0.0,23.4,0.53,106.0,False
28,Si,77.808,26298.0,179.8,109.0,0.14,58.0,False
28,Ca,107.775,692.3,275.9,237.7,0.65,14.0,False
28,Cr,159.16,21.5,66.8,63.9,10.48,49.0,False
28,Ni,115.404,32.8,37.1,31.8,3.97,64.0,False
28,Al,90.986,25.3,79.9,67.4,8.3,24.0,False
29,Mg,107.54,60675.8,292.9,231.3,0.09,38.0,False
29,Mn,146.037,107.0,93.6,83.6,2.04,34.0,False
29,Fe,134.743,1865.3,0.0,26.2,0.52,112.0,False
29,Si,77.808,26279.9,190.8,115.5,0.14,60.0,False
29,Ca,107.775,782.5,277.5,247.1,0.6,14.0,False
29,Cr,159.16,12.1,67.3,65.0,18.1,49.0,False
29,Ni,115.404,32.7,37.7,33.4,4.03,65.0,False
29,Al,90.986,22.6,81.1,62.9,9.18,24.0,False
30,Mg,107.54,61379.0,287.0,235.7,0.09,38.0,False
30,Mn,146.037,93.6,98.6,86.3,2.31,35.0,False
30,Fe,134.743,1799.2,0.0,24.5,0.53,108.0,False
30,Si,77.808,26411.8,191.3,113.5,0.14,60.0,False
30,Ca,107.775,650.6,277.0,236.0,0.68,14.0,False
30,Cr,159.16,13.3,72.7,66.0,16.93,50.0,False
30,Ni,115.404,32.1,36.6,34.9,4.09,65.0,False
30,Al,90.986,18.7,83.9,64.5,11.13,24.0,False
31,Mg,107.54,58665.4,295.9,230.4,0.09,38.0,False
31,Mn,146.037,111.9,98.6,87.0,2.0,35.0,False
31,Fe,134.743,2068.0,0.0,23.1,0.49,105.0,False
31,Si,77.808,26181.6,193.0,112.7,0.14,60.0,False
31,Ca,107.775,740.8,277.8,238.6,0.62,14.0,False
31,Cr,159.16,8.1,72.4,69.4,27.61,51.0,False
31,Ni,115.404,34.6,38.1,33.9,3.85,65.0,False
31,Al,90.986,20.9,82.7,65.3,9.97,24.0,False
32,Mg,107.54,59180.9,296.7,229.8,0.09,38.0,False
32,Mn,146.037,113.4,95.8,84.8,1.96,34.0,False
32,Fe,134.743,2030.3,0.0,22.3,0.5,103.0,False
32,Si,77.808,26222.4,186.0,108.3,0.14,59.0,False
32,Ca,107.775,731.3,279.7,240.5,0.63,14.0,False
32,Cr,159.16,11.5,68.5,68.1,19.26,50.0,False
32,Ni,115.404,35.4,36.8,33.3,3.74,64.0,False
32,Al,90.986,21.0,80.4,65.4,9.86,24.0,False
33,Mg,107.54,59855.1,296.1,239.9,0.09,39.0,False
33,Mn,146.037,111.0,94.0,88.8,2.0,34.0,False
33,Fe,134.743,2026.1,0.0,24.8,0.5,109.0,False
33,Si,77.808,26049.6,187.1,110.4,0.14,59.0,False
33,Ca,107.775,710.8,283.7,236.1,0.64,14.0,False
33,Cr,159.16,11.5,68.1,65.5,19.19,50.0,False
33,Ni,115.404,36.3,35.2,32.2,3.62,63.0,False
33,Al,90.986,16.4,84.7,67.1,12.72,24.0,False
34,Mg,107.54,56930.2,295.1,225.9,0.09,38.0,False
34,Mn,146.037,123.9,93.0,88.0,1.82,34.0,False
34,Fe,134.743,2264.2,0.0,24.6,0.47,109.0,False
34,Si,77.808,26107.7,192.8,117.8,0.14,61.0,False
34,Ca,107.775,732.2,289.2,247.6,0.63,14.0,False
34,Cr,159.16,3.8,71.9,66.1,56.95,50.0,True
34,Ni,115.404,32.5,36.9,34.1,4.04,65.0,False
34,Al,90.986,20.3,84.9,70.4,10.43,25.0,False
35,Mg,107.54,56882.9,304.4,238.3,0.09,39.0,False
35,Mn,146.037,127.0,97.1,88.6,1.8,35.0,False
35,Fe,134.743,2298.7,0.0,22.8,0.47,105.0,False
35,Si,77.808,26030.1,186.7,118.3,0.14,60.0,False
35,Ca,107.775,730.9,288.1,240.1,0.63,14.0,False
35,Cr,159.16,4.2,70.4,67.0,52.17,50.0,True
35,Ni,115.404,29.0,36.0,33.9,4.43,64.0,False
35,Al,90.986,18.0,82.7,67.4,11.56,24.0,False
36,Mg,107.54,56880.8,300.5,229.9,0.09,39.0,False
36,Mn,146.037,123.6,96.2,85.2,1.83,34.0,False
36,Fe,134.743,2300.0,0.0,22.4,0.47,104.0,False
36,Si,77.808,26064.7,191.8,112.0,0.14,60.0,False
36,Ca,107.775,734.1,283.6,242.4,0.63,14.0,False
36,Cr,159.16,10.3,63.7,66.3,21.04,49.0,False
36,Ni,115.404,29.7,38.4,32.4,4.36,65.0,False
36,Al,90.986,21.3,85.2,68.6,9.95,25.0,False
37,Mg,107.54,60898.8,298.8,234.6,0.09,39.0,False
37,Mn,146.037,104.9,93.9,83.7,2.08,34.0,False
37,Fe,134.743,1903.4,0.0,22.3,0.52,103.0,False
37,Si,77.808,26184.6,192.8,112.1,0.14,60.0,False
37,Ca,107.775,708.1,279.2,239.5,0.64,14.0,False
37,Cr,159.16,16.8,69.1,68.8,13.51,50.0,False
37,Ni,115.404,32.9,34.6,34.0,3.95,64.0,False
37,Al,90.986,16.3,78.3,64.9,12.44,24.0,False
38,Mg,107.54,61147.1,292.3,233.3,0.09,38.0,False
38,Mn,146.037,106.3,91.6,83.8,2.05,34.0,False
38,Fe,134.743,1877.7,0.0,23.7,0.52,107.0,False
38,Si,77.808,26189.3,181.5,109.0,0.14,59.0,False
38,Ca,107.775,706.1,272.7,238.2,0.64,14.0,False
38,Cr,159.16,15.9,70.6,67.2,14.23,50.0,False
38,Ni,115.404,30.5,38.4,33.2,4.28,65.0,False
38,Al,90.986,17.2,81.7,64.9,11.94,24.0,False
39,Mg,107.54,61015.8,295.9,234.0,0.09,39.0,False
39,Mn,146.037,99.7,95.2,86.1,2.18,34.0,False
39,Fe,134.743,1897.5,0.0,21.1,0.52,101.0,False
39,Si,77.808,26184.6,188.1,110.7,0.14,59.0,False
39,Ca,107.775,698.4,278.5,240.0,0.65,14.0,False
39,Cr,159.16,9.8,72.9,68.9,23.01,51.0,False
39,Ni,115.404,29.6,38.4,34.2,4.41,66.0,False
39,Al,90.986,15.0,81.2,63.5,13.55,24.0,False
40,Mg,107.54,55146.6,302.1,236.2,0.1,39.0,False
40,Mn,146.037,150.5,97.8,86.1,1.58,35.0,False
40,Fe,134.743,2498.3,0.0,25.0,0.45,110.0,False
40,Si,77.808,25747.6,197.3,113.1,0.14,61.0,False
40,Ca,107.775,801.2,292.4,244.5,0.59,14.0,False
40,Cr,159.16,5.7,69.5,70.3,38.69,51.0,True
40,Ni,115.404,24.8,37.8,34.1,5.12,65.0,False
40,Al,90.986,18.4,83.0,63.2,11.19,24.0,False
41,Mg,107.54,54859.7,297.7,227.2,0.1,38.0,False
41,Mn,146.037,151.8,98.2,87.8,1.57,35.0,False
41,Fe,134.743,2526.7,0.0,22.8,0.45,105.0,False
41,Si,77.808,24959.1,182.9,112.2,0.14,59.0,False
41,Ca,107.775,828.6,294.0,244.8,0.58,14.0,False
41,Cr,159.16,1.0,73.3,72.1,225.78,52.0,True
41,Ni,115.404,23.0,38.2,35.2,5.52,66.0,False
41,Al,90.986,19.2,78.7,67.8,10.74,24.0,False
42,Mg,107.54,54657.7,302.7,224.6,0.1,39.0,False
42,Mn,146.037,150.8,99.6,85.6,1.58,35.0,False
42,Fe,134.743,2546.1,0.0,25.6,0.45,111.0,False
42,Si,77.808,24828.8,193.0,114.0,0.14,60.0,False
42,Ca,107.775,810.6,291.1,248.6,0.59,14.0,False
42,Cr,159.16,5.7,72.0,68.5,38.96,51.0,True
42,Ni,115.404,22.3,38.7,35.4,5.69,66.0,False
42,Al,90.986,16.8,88.6,66.4,12.58,25.0,False
43,Mg,107.54,54664.0,297.1,235.2,0.1,39.0,False
43,Mn,146.037,151.8,100.0,87.6,1.57,35.0,False
43,Fe,134.743,2540.2,0.0,26.1,0.45,112.0,False
43,Si,77.808,24899.2,191.9,110.1,0.14,60.0,False
43,Ca,107.775,811.3,294.6,251.7,0.59,14.0,False
43,Cr,159.16,5.7,70.7,65.9,37.93,50.0,True
43,Ni,115.404,23.3,38.0,34.0,5.42,65.0,False
43,Al,90.986,15.9,83.1,65.3,12.96,24.0,False
44,Mg,107.54,54514.2,299.6,234.1,0.1,39.0,False
44,Mn,146.037,153.9,96.1,87.6,1.55,34.0,False
44,Fe,134.743,2572.3,0.0,24.4,0.44,108.0,False
44,Si,77.808,25021.8,197.1,111.8,0.14,60.0,False
44,Ca,107.775,788.5,293.2,252.5,0.6,14.0,False
44,Cr,159.16,5.2,69.6,68.9,42.31,51.0,True
44,Ni,115.404,21.4,38.9,34.6,5.88,66.0,False
44,Al,90.986,13.8,84.5,66.8,14.94,24.0,False
45,Mg,107.54,53049.3,308.1,227.5,0.1,39.0,False
45,Mn,146.037,166.7,99.3,89.2,1.47,35.0,False
45,Fe,134.743,2706.2,0.0,26.6,0.43,113.0,False
45,Si,77.808,25662.8,202.7,120.9,0.14,62.0,False
45,Ca,107.775,842.1,291.0,251.5,0.57,14.0,False
45,Cr,159.16,-1.3,73.5,68.0,100.0,51.0,True
45,Ni,115.404,21.2,38.0,34.2,5.9,66.0,False
45,Al,90.986,13.6,84.3,70.7,15.32,25.0,False
46,Mg,107.54,58131.8,285.6,231.6,0.09,38.0,False
46,Mn,146.037,152.6,96.4,86.4,1.56,34.0,False
46,Fe,134.743,2152.8,0.0,23.1,0.48,105.0,False
46,Si,77.808,25130.7,190.4,104.1,0.14,59.0,False
46,Ca,107.775,676.4,280.9,235.0,0.66,14.0,False
46,Cr,159.16,5.9,71.9,70.2,37.54,51.0,True
46,Ni,115.404,35.4,39.8,34.5,3.82,67.0,False
46,Al,90.986,12.0,82.5,65.7,16.98,24.0,False
47,Mg,107.54,57278.1,295.8,234.5,0.09,39.0,False
47,Mn,146.037,156.2,95.4,83.3,1.52,34.0,False
47,Fe,134.743,2260.3,0.0,24.5,0.47,108.0,False
47,Si,77.808,25976.0,183.4,110.4,0.14,59.0,False
47,Ca,107.775,703.4,282.7,245.8,0.65,14.0,False
47,Cr,159.16,8.0,67.1,67.4,27.14,50.0,False
47,Ni,115.404,32.7,35.9,33.9,3.99,64.0,False
47,Al,90.986,13.0,83.3,64.8,15.66,24.0,False
48,Mg,107.54,59319.4,301.7,232.5,0.09,39.0,False
48,Mn,146.037,159.8,93.0,83.8,1.49,34.0,False
48,Fe,134.743,2018.7,0.0,24.2,0.5,108.0,False
48,Si,77.808,25137.3,188.4,111.0,0.14,60.0,False
48,Ca,107.775,668.3,279.3,246.3,0.67,14.0,False
48,Cr,159.16,12.2,67.3,64.5,18.02,49.0,False
48,Ni,115.404,36.2,38.3,32.3,3.69,65.0,False
48,Al,90.986,12.5,81.9,67.1,16.25,24.0,False
49,Mg,107.54,51194.0,308.4,230.1,0.1,39.0,False
49,Mn,146.037,179.8,102.1,90.2,1.39,35.0,False
49,Fe,134.743,2911.2,0.0,24.0,0.42,108.0,False
49,Si,77.808,25728.1,194.5,109.5,0.14,60.0,False
49,Ca,107.775,615.0,296.5,254.1,0.72,14.0,False
49,Cr,159.16,2.8,73.3,68.7,78.26,51.0,True
49,Ni,115.404,19.4,39.4,35.7,6.46,67.0,False
49,Al,90.986,12.9,88.9,70.1,16.35,25.0,False
50,Mg,107.54,51166.2,289.8,227.7,0.1,38.0,False
50,Mn,146.037,176.8,100.0,94.5,1.41,35.0,False
50,Fe,134.743,2915.4,0.0,24.0,0.42,107.0,False
50,Si,77.808,25758.9,199.9,120.5,0.14,62.0,False
50,Ca,107.775,627.9,298.0,247.9,0.71,14.0,False
50,Cr,159.16,-1.5,77.9,70.3,100.0,52.0,True
50,Ni,115.404,20.4,36.7,35.0,6.09,65.0,False
50,Al,90.986,17.0,87.6,68.1,12.44,25.0,False
51,Mg,107.54,51170.6,295.7,230.1,0.1,38.0,False
51,Mn,146.037,180.9,100.9,85.6,1.38,35.0,False
51,Fe,134.743,2900.3,0.0,26.5,0.42,113.0,False
51,Si,77.808,25755.2,198.3,116.0,0.14,61.0,False
51,Ca,107.775,661.4,297.2,252.2,0.68,14.0,False
51,Cr,159.16,1.8,68.6,70.7,119.5,51.0,True
51,Ni,115.404,18.7,39.7,35.8,6.7,67.0,False
51,Al,90.986,18.9,86.2,67.4,11.16,25.0,False
52,Mg,107.54,51285.9,303.5,232.1,0.1,39.0,False
52,Mn,146.037,174.8,101.4,90.3,1.42,35.0,False
52,Fe,134.743,2901.4,0.0,25.7,0.42,111.0,False
52,Si,77.808,24805.9,202.8,110.2,0.14,61.0,False
52,Ca,107.775,624.1,304.0,252.4,0.72,14.0,False
52,Cr,159.16,1.5,72.2,68.5,145.19,51.0,True
52,Ni,115.404,21.3,38.2,34.2,5.87,66.0,False
52,Al,90.986,16.5,85.9,67.1,12.7,25.0,False
53,Mg,107.54,51112.0,292.9,227.0,0.1,38.0,False
53,Mn,146.037,182.0,96.8,85.9,1.36,34.0,False
53,Fe,134.743,2956.8,0.0,23.9,0.41,107.0,False
53,Si,77.808,25659.5,191.1,117.9,0.14,60.0,False
53,Ca,107.775,617.7,299.8,258.3,0.72,14.0,False
53,Cr,159.16,1.8,72.3,73.7,126.49,52.0,True
53,Ni,115.404,20.7,37.5,33.4,5.98,65.0,False
53,Al,90.986,17.5,87.2,64.9,12.01,25.0,False
54,Mg,107.54,51148.2,295.7,223.8,0.1,38.0,False
54,Mn,146.037,180.1,98.9,94.2,1.39,35.0,False
54,Fe,134.743,2908.0,0.0,23.2,0.42,105.0,False
54,Si,77.808,25666.6,192.4,116.2,0.14,60.0,False
54,Ca,107.775,618.1,297.5,255.0,0.72,14.0,False
54,Cr,159.16,0.6,72.6,72.7,390.12,52.0,True
54,Ni,115.404,21.9,39.9,34.1,5.78,66.0,False
54,Al,90.986,16.5,85.2,68.5,12.72,25.0,False
55,Mg,107.54,50969.1,297.0,238.0,0.1,39.0,False
55,Mn,146.037,183.8,98.9,87.3,1.36,35.0,False
55,Fe,134.743,2959.0,0.0,26.2,0.41,112.0,False
55,Si,77.808,24793.6,204.1,114.3,0.14,61.0,False
55,Ca,107.775,622.9,295.4,252.2,0.71,14.0,False
55,Cr,159.16,4.3,71.4,69.2,51.27,51.0,True
55,Ni,115.404,19.1,39.6,34.2,6.52,66.0,False
55,Al,90.986,19.9,86.0,71.3,10.7,25.0,False
56,Mg,107.54,51147.9,307.1,226.4,0.1,39.0,False
56,Mn,146.037,180.7,99.2,86.0,1.37,35.0,False
56,Fe,134.743,2917.3,0.0,30.1,0.42,120.0,False
56,Si,77.808,24791.2,190.1,115.8,0.14,60.0,False
56,Ca,107.775,624.8,296.6,251.5,0.71,14.0,False
56,Cr,159.16,4.3,69.5,67.1,50.91,50.0,True
56,Ni,115.404,20.0,39.0,34.1,6.24,66.0,False
56,Al,90.986,14.7,89.5,72.8,14.56,25.0,False
57,Mg,107.54,51177.6,302.9,239.5,0.1,39.0,False
57,Mn,146.037,179.1,99.7,86.9,1.38,35.0,False
57,Fe,134.743,2912.2,0.0,23.5,0.42,106.0,False
57,Si,77.808,24681.5,190.6,115.1,0.14,60.0,False
57,Ca,107.775,609.6,304.2,256.8,0.73,15.0,False
57,Cr,159.16,-1.0,72.5,70.8,100.0,51.0,True
57,Ni,115.404,19.7,38.3,34.0,6.28,66.0,False
57,Al,90.986,13.9,88.3,70.6,15.17,25.0,False
58,Mg,107.54,51049.6,291.0,220.6,0.1,38.0,False
58,Mn,146.037,181.2,101.3,88.6,1.38,35.0,False
58,Fe,134.743,2914.8,0.0,25.6,0.42,111.0,False
58,Si,77.808,24676.8,198.3,109.6,0.14,60.0,False
58,Ca,107.775,639.7,297.0,251.2,0.7,14.0,False
58,Cr,159.16,3.6,70.7,66.4,60.63,50.0,True
58,Ni,115.404,20.6,40.4,34.0,6.1,66.0,False
58,Al,90.986,22.1,85.8,64.2,9.55,24.0,False
59,Mg,107.54,66094.7,308.0,232.3,0.09,39.0,False
59,Mn,146.037,72.3,92.2,76.9,2.8,33.0,False
59,Fe,134.743,1381.2,0.0,23.0,0.61,105.0,False
59,Si,77.808,25791.7,180.6,102.8,0.14,58.0,False
59,Ca,107.775,211.7,271.3,230.1,1.64,14.0,False
59,Cr,159.16,2.1,66.8,66.8,99.69,50.0,True
59,Ni,115.404,52.6,36.8,31.2,2.7,64.0,False
59,Al,90.986,19.3,78.6,65.4,10.59,24.0,False
60,Mg,107.54,66371.4,300.6,236.5,0.09,39.0,False
60,Mn,146.037,70.8,90.3,79.4,2.84,33.0,False
60,Fe,134.743,1391.6,0.0,21.1,0.6,101.0,False
60,Si,77.808,25739.1,184.2,105.9,0.14,59.0,False
60,Ca,107.775,214.9,270.8,231.9,1.62,14.0,False
60,Cr,159.16,4.1,67.5,64.9,51.74,49.0,True
60,Ni,115.404,52.5,36.5,31.3,2.7,63.0,False
60,Al,90.986,17.8,80.2,63.5,11.47,24.0,False
61,Mg,107.54,66565.4,303.3,242.9,0.09,39.0,False
61,Mn,146.037,65.9,92.5,81.8,3.05,34.0,False
61,Fe,134.743,1373.9,0.0,22.0,0.61,103.0,False
61,Si,77.808,25732.6,187.1,105.5,0.14,59.0,False
61,Ca,107.775,213.8,269.9,235.2,1.63,14.0,False
61,Cr,159.16,5.7,66.9,66.0,37.87,49.0,True
61,Ni,115.404,56.0,36.1,31.6,2.56,63.0,False
61,Al,90.986,21.7,75.9,63.4,9.36,23.0,False
62,Mg,107.54,58559.5,294.6,224.0,0.09,38.0,False
62,Mn,146.037,120.7,96.1,86.6,1.87,34.0,False
62,Fe,134.743,2159.0,0.0,22.9,0.48,105.0,False
62,Si,77.808,26081.9,183.8,111.2,0.14,59.0,False
62,Ca,107.775,724.7,284.2,241.4,0.63,14.0,False
62,Cr,159.16,6.3,74.5,62.1,34.58,50.0,True
62,Ni,115.404,28.9,36.2,32.2,4.41,64.0,False
62,Al,90.986,17.5,81.1,67.1,11.78,24.0,False
63,Mg,107.54,58702.9,299.8,223.8,0.09,38.0,False
63,Mn,146.037,118.9,95.7,87.4,1.9,34.0,False
63,Fe,134.743,2130.3,0.0,21.3,0.49,101.0,False
63,Si,77.808,25162.7,195.3,111.8,0.14,60.0,False
63,Ca,107.775,714.6,277.0,240.4,0.64,14.0,False
63,Cr,159.16,5.8,72.2,69.4,38.27,51.0,True
63,Ni,115.404,28.3,37.0,34.9,4.56,65.0,False
63,Al,90.986,15.6,83.0,66.2,13.25,24.0,False
64,Mg,107.54,58649.2,298.9,236.8,0.09,39.0,False
64,Mn,146.037,123.6,92.9,84.8,1.82,34.0,False
64,Fe,134.743,2145.3,0.0,23.5,0.49,106.0,False
64,Si,77.808,25967.4,189.7,117.7,0.14,60.0,False
64,Ca,107.775,717.8,281.6,240.2,0.64,14.0,False
64,Cr,159.16,6.9,70.3,68.3,31.98,51.0,False
64,Ni,115.404,28.1,38.2,33.6,4.59,65.0,False
64,Al,90.986,16.5,81.5,66.1,12.47,24.0,False
65,Mg,107.54,53728.4,291.3,227.4,0.1,38.0,False
65,Mn,146.037,158.3,98.3,90.8,1.53,35.0,False
65,Fe,134.743,2642.6,0.0,24.7,0.44,109.0,False
65,Si,77.808,25684.7,196.0,118.4,0.14,61.0,False
65,Ca,107.775,818.2,285.8,247.3,0.58,14.0,False
65,Cr,159.16,4.7,71.5,65.8,46.44,50.0,True
65,Ni,115.404,23.5,38.2,32.8,5.35,65.0,False
65,Al,90.986,16.8,83.8,68.3,12.37,24.0,False
66,Mg,107.54,52808.4,287.7,228.9,0.1,38.0,False
66,Mn,146.037,165.3,97.7,89.8,1.47,35.0,False
66,Fe,134.743,2706.2,0.0,26.6,0.43,113.0,False
66,Si,77.808,25757.5,195.0,114.5,0.14,61.0,False
66,Ca,107.775,738.9,288.1,249.6,0.63,14.0,False
66,Cr,159.16,1.3,71.1,69.7,165.9,51.0,True
66,Ni,115.404,20.6,40.4,34.2,6.11,67.0,False
66,Al,90.986,18.0,83.9,66.0,11.54,24.0,False
67,Mg,107.54,52757.3,295.5,233.5,0.1,39.0,False
67,Mn,146.037,163.7,99.6,87.3,1.48,35.0,False
67,Fe,134.743,2735.1,0.0,28.2,0.43,116.0,False
67,Si,77.808,24865.6,185.0,113.4,0.14,59.0,False
67,Ca,107.775,822.6,295.7,249.4,0.58,14.0,False
67,Cr,159.16,-1.6,77.1,70.4,100.0,52.0,True
67,Ni,115.404,17.8,40.7,35.4,7.05,67.0,False
67,Al,90.986,15.8,84.8,68.3,13.2,25.0,False
68,Mg,107.54,51764.5,299.0,227.8,0.1,39.0,False
68,Mn,146.037,182.2,98.3,89.1,1.37,35.0,False
68,Fe,134.743,2854.0,0.0,26.1,0.42,112.0,False
68,Si,77.808,25792.9,199.5,115.4,0.14,61.0,False
68,Ca,107.775,666.4,298.8,254.2,0.68,14.0,False
68,Cr,159.16,1.5,70.5,70.5,142.21,51.0,True
68,Ni,115.404,16.2,40.2,34.8,7.63,67.0,False
68,Al,90.986,12.9,82.5,68.2,15.89,24.0,False
69,Mg,107.54,51777.0,302.6,218.4,0.1,38.0,False
69,Mn,146.037,179.4,102.5,89.8,1.39,35.0,False
69,Fe,134.743,2829.1,0.0,26.6,0.42,113.0,False
69,Si,77.808,25096.2,194.8,118.6,0.14,61.0,False
69,Ca,107.775,658.4,296.9,250.0,0.68,14.0,False
69,Cr,159.16,1.8,71.5,69.4,124.5,51.0,True
69,Ni,115.404,19.3,37.8,35.3,6.44,66.0,False
69,Al,90.986,15.8,83.9,66.5,13.09,24.0,False
70,Mg,107.54,51792.1,295.8,230.7,0.1,39.0,False
70,Mn,146.037,185.4,96.2,91.0,1.35,35.0,False
70,Fe,134.743,2846.3,0.0,26.6,0.42,113.0,False
70,Si,77.808,25720.9,194.1,108.6,0.14,60.0,False
70,Ca,107.775,697.1,297.7,254.9,0.66,14.0,False
70,Cr,159.16,3.4,72.3,67.0,64.5,51.0,True
70,Ni,115.404,18.3,38.4,35.9,6.8,66.0,False
70,Al,90.986,16.2,86.7,66.0,12.9,25.0,False
71,Mg,107.54,56632.0,301.3,240.6,0.09,39.0,False
71,Mn,146.037,146.2,97.2,85.8,1.61,34.0,False
71,Fe,134.743,2310.4,0.0,26.1,0.47,112.0,False
71,Si,77.808,26039.5,194.6,111.0,0.14,60.0,False
71,Ca,107.775,728.1,282.2,249.3,0.63,14.0,False
71,Cr,159.16,5.1,70.3,67.7,43.19,50.0,True
71,Ni,115.404,28.8,37.0,33.8,4.47,65.0,False
71,Al,90.986,15.9,84.2,64.3,12.96,24.0,False
72,Mg,107.54,58602.0,295.1,220.8,0.09,38.0,False
72,Mn,146.037,139.0,94.5,87.7,1.67,34.0,False
72,Fe,134.743,2096.8,0.0,22.8,0.49,105.0,False
72,Si,77.808,26054.4,187.0,110.3,0.14,59.0,False
72,Ca,107.775,678.7,282.7,243.9,0.66,14.0,False
72,Cr,159.16,10.0,69.2,71.8,22.49,51.0,False
72,Ni,115.404,34.5,36.0,35.0,3.84,65.0,False
72,Al,90.986,14.0,83.9,64.2,14.66,24.0,False
73,Mg,107.54,56689.1,289.0,233.7,0.09,38.0,False
73,Mn,146.037,144.7,96.5,89.3,1.63,35.0,False
73,Fe,134.743,2310.0,0.0,25.3,0.47,110.0,False
73,Si,77.808,25946.0,188.8,113.6,0.14,60.0,False
73,Ca,107.775,739.3,287.9,249.6,0.63,14.0,False
73,Cr,159.16,5.0,69.7,70.2,44.28,51.0,True
73,Ni,115.404,29.9,37.9,32.3,4.32,65.0,False
73,Al,90.986,15.4,79.8,66.6,13.26,24.0,False
74,Mg,107.54,57237.3,292.3,233.3,0.09,39.0,False
74,Mn,146.037,150.5,92.3,86.4,1.56,34.0,False
74,Fe,134.743,2249.5,0.0,23.3,0.47,106.0,False
74,Si,77.808,26292.6,188.9,107.4,0.14,59.0,False
74,Ca,107.775,776.7,290.3,247.1,0.61,14.0,False
74,Cr,159.16,10.5,70.4,65.7,21.03,50.0,False
74,Ni,115.404,31.5,35.1,33.9,4.11,64.0,False
74,Al,90.986,13.3,84.5,62.5,15.36,24.0,False
75,Mg,107.54,56737.5,289.0,229.9,0.09,38.0,False
75,Mn,146.037,143.8,97.0,88.5,1.64,35.0,False
75,Fe,134.743,2323.1,0.0,24.3,0.47,108.0,False
75,Si,77.808,26168.0,196.3,116.6,0.14,61.0,False
75,Ca,107.775,770.4,283.6,244.9,0.61,14.0,False
75,Cr,159.16,6.3,69.8,68.4,34.94,50.0,True
75,Ni,115.404,30.3,35.7,33.3,4.25,64.0,False
75,Al,90.986,14.3,86.6,62.5,14.44,24.0,False
76,Mg,107.54,57144.0,293.1,235.5,0.09,39.0,False
76,Mn,146.037,148.4,95.4,88.9,1.59,34.0,False
76,Fe,134.743,2271.4,0.0,24.5,0.47,108.0,False
76,Si,77.808,26288.2,190.5,107.8,0.14,59.0,False
76,Ca,107.775,809.9,287.0,241.4,0.59,14.0,False
76,Cr,159.16,3.4,73.9,67.2,64.68,51.0,True
76,Ni,115.404,31.5,36.4,33.9,4.14,65.0,False
76,Al,90.986,11.6,83.1,69.0,17.73,24.0,False
77,Mg,107.54,57706.2,297.7,223.4,0.09,38.0,False
77,Mn,146.037,142.0,96.8,88.0,1.65,35.0,False
77,Fe,134.743,2228.8,0.0,23.8,0.48,107.0,False
77,Si,77.808,26339.1,189.3,118.0,0.14,60.0,False
77,Ca,107.775,731.1,281.9,239.6,0.63,14.0,False
77,Cr,159.16,10.6,67.9,66.2,20.81,50.0,False
77,Ni,115.404,30.9,38.9,34.7,4.27,66.0,False
77,Al,90.986,11.0,84.0,66.8,18.54,24.0,False
78,Mg,107.54,56784.2,291.5,232.3,0.09,38.0,False
78,Mn,146.037,146.3,96.8,86.1,1.61,34.0,False
78,Fe,134.743,2299.2,0.0,23.7,0.47,107.0,False
78,Si,77.808,26255.8,186.3,117.1,0.14,60.0,False
78,Ca,107.775,819.5,286.6,240.5,0.58,14.0,False
78,Cr,159.16,1.7,71.7,69.3,131.75,51.0,True
78,Ni,115.404,29.3,35.1,34.3,4.38,64.0,False
78,Al,90.986,15.8,80.3,69.3,13.05,24.0,False
79,Mg,107.54,56300.4,293.5,236.2,0.09,39.0,False
79,Mn,146.037,148.7,95.6,87.9,1.59,34.0,False
79,Fe,134.743,2359.1,0.0,23.8,0.46,107.0,False
79,Si,77.808,26236.8,192.4,110.9,0.14,60.0,False
79,Ca,107.775,740.0,293.2,244.9,0.63,14.0,False
79,Cr,159.16,2.4,71.1,72.9,93.95,52.0,True
79,Ni,115.404,29.3,39.7,32.9,4.44,66.0,False
79,Al,90.986,12.2,82.0,68.4,16.71,24.0,False
80,Mg,107.54,57302.4,296.2,234.4,0.09,39.0,False
80,Mn,146.037,137.1,97.0,88.2,1.7,35.0,False
80,Fe,134.743,2264.1,0.0,24.7,0.47,109.0,False
80,Si,77.808,26215.8,188.7,114.9,0.14,60.0,False
80,Ca,107.775,741.2,292.0,249.2,0.63,14.0,False
80,Cr,159.16,7.2,70.1,66.6,30.56,50.0,False
80,Ni,115.404,24.9,38.6,33.6,5.12,66.0,False
80,Al,90.986,21.6,84.4,65.6,9.74,24.0,False
81,Mg,107.54,55288.0,288.6,231.7,0.1,38.0,False
81,Mn,146.037,154.3,96.3,89.6,1.55,35.0,False
81,Fe,134.743,2496.7,0.0,25.3,0.45,110.0,False
81,Si,77.808,26087.6,191.3,114.3,0.14,60.0,False
81,Ca,107.775,763.6,291.2,243.6,0.61,14.0,False
81,Cr,159.16,5.7,72.3,65.9,38.25,50.0,True
81,Ni,115.404,24.9,36.4,34.3,5.07,65.0,False
81,Al,90.986,11.9,87.4,68.9,17.47,25.0,False
82,Mg,107.54,54892.3,300.9,226.0,0.1,39.0,False
82,Mn,146.037,156.3,97.2,86.3,1.53,34.0,False
82,Fe,134.743,2511.6,0.0,23.8,0.45,107.0,False
82,Si,77.808,25994.7,190.7,105.8,0.14,59.0,False
82,Ca,107.775,762.4,294.0,245.5,0.61,14.0,False
82,Cr,159.16,5.0,71.8,65.5,43.63,50.0,True
82,Ni,115.404,25.3,38.4,35.5,5.09,66.0,False
82,Al,90.986,22.9,82.2,64.0,9.11,24.0,False
83,Mg,107.54,51789.1,298.1,224.8,0.1,38.0,False
83,Mn,146.037,169.2,101.4,92.0,1.46,35.0,False
83,Fe,134.743,2848.2,0.0,27.4,0.42,115.0,False
83,Si,77.808,25228.8,194.3,113.0,0.14,60.0,False
83,Ca,107.775,661.3,295.4,257.6,0.68,14.0,False
83,Cr,159.16,-0.5,74.7,71.1,100.0,52.0,True
83,Ni,115.404,15.4,41.1,34.4,8.0,67.0,False
83,Al,90.986,15.9,86.3,71.4,13.31,25.0,False
84,Mg,107.54,52065.2,298.3,223.3,0.1,38.0,False
84,Mn,146.037,173.6,96.4,91.5,1.42,35.0,False
84,Fe,134.743,2829.9,0.0,27.6,0.42,115.0,False
84,Si,77.808,25843.5,201.7,115.3,0.14,61.0,False
84,Ca,107.775,650.0,295.3,256.4,0.69,14.0,False
84,Cr,159.16,2.3,71.9,71.6,94.37,51.0,True
84,Ni,115.404,17.2,39.9,34.7,7.19,67.0,False
84,Al,90.986,19.9,82.9,67.8,10.5,24.0,False
85,Mg,107.54,51923.3,301.8,221.1,0.1,38.0,False
85,Mn,146.037,176.5,98.4,91.3,1.4,35.0,False
85,Fe,134.743,2845.2,0.0,25.9,0.42,111.0,False
85,Si,77.808,25931.4,196.8,116.4,0.14,61.0,False
85,Ca,107.775,642.6,294.4,253.9,0.7,14.0,False
85,Cr,159.16,2.8,73.0,68.4,79.03,51.0,True
85,Ni,115.404,17.2,38.0,35.0,7.14,66.0,False
85,Al,90.986,15.9,85.2,67.8,13.16,25.0,False
86,Mg,107.54,52375.4,288.2,228.0,0.1,38.0,False
86,Mn,146.037,178.0,97.7,88.0,1.39,35.0,False
86,Fe,134.743,2764.6,0.0,25.3,0.43,110.0,False
86,Si,77.808,25251.3,194.9,114.0,0.14,60.0,False
86,Ca,107.775,688.2,295.5,252.4,0.66,14.0,False
86,Cr,159.16,0.5,70.8,70.4,404.84,51.0,True
86,Ni,115.404,17.0,39.8,35.1,7.3,67.0,False
86,Al,90.986,15.2,87.5,65.6,13.77,25.0,False
87,Mg,107.54,52379.6,292.7,221.1,0.1,38.0,False
87,Mn,146.037,177.3,97.5,88.4,1.39,35.0,False
87,Fe,134.743,2785.1,0.0,23.1,0.43,105.0,False
87,Si,77.808,25243.6,200.1,116.7,0.14,61.0,False
87,Ca,107.775,696.1,293.8,255.8,0.66,14.0,False
87,Cr,159.16,-0.4,74.6,71.4,100.0,52.0,True
87,Ni,115.404,18.7,39.5,33.9,6.62,66.0,False
87,Al,90.986,12.1,88.8,66.9,17.3,25.0,False
88,Mg,107.54,52316.4,295.7,230.7,0.1,39.0,False
88,Mn,146.037,177.4,98.5,86.7,1.39,35.0,False
88,Fe,134.743,2753.3,0.0,23.9,0.43,107.0,False
88,Si,77.808,25217.2,197.9,111.5,0.14,61.0,False
88,Ca,107.775,687.3,296.8,249.7,0.66,14.0,False
88,Cr,159.16,2.2,71.9,70.7,97.95,51.0,True
88,Ni,115.404,16.9,37.2,33.1,7.15,65.0,False
88,Al,90.986,18.1,84.1,64.5,11.45,24.0,False
89,Mg,107.54,66134.1,305.5,241.0,0.09,39.0,False
89,Mn,146.037,70.8,87.8,82.0,2.84,33.0,False
89,Fe,134.743,1379.4,0.0,22.0,0.61,103.0,False
89,Si,77.808,26077.2,192.6,109.5,0.14,60.0,False
89,Ca,107.775,206.1,272.9,235.1,1.69,14.0,False
89,Cr,159.16,8.5,64.1,64.5,25.07,49.0,False
89,Ni,115.404,50.3,37.5,33.4,2.82,65.0,False
89,Al,90.986,22.1,76.9,62.4,9.21,23.0,False
90,Mg,107.54,66233.8,298.0,245.0,0.09,39.0,False
90,Mn,146.037,69.0,92.1,80.6,2.93,33.0,False
90,Fe,134.743,1370.9,0.0,21.9,0.61,103.0,False
90,Si,77.808,26200.0,179.7,109.2,0.14,58.0,False
90,Ca,107.775,212.1,270.7,233.8,1.64,14.0,False
90,Cr,159.16,7.7,65.7,64.1,27.87,49.0,False
90,Ni,115.404,42.0,36.2,33.0,3.25,64.0,False
90,Al,90.986,17.5,80.1,62.1,11.6,24.0,False
91,Mg,107.54,66105.7,309.5,234.4,0.09,39.0,False
91,Mn,146.037,69.7,90.1,77.4,2.87,33.0,False
91,Fe,134.743,1355.8,0.0,20.2,0.61,98.0,False
91,Si,77.808,26126.7,188.4,105.5,0.14,59.0,False
91,Ca,107.775,211.1,268.9,228.9,1.64,14.0,False
91,Cr,159.16,3.9,67.3,66.1,55.15,49.0,True
91,Ni,115.404,52.7,34.8,32.2,2.68,63.0,False
91,Al,90.986,16.6,80.9,65.2,12.32,24.0,False
92,Mg,107.54,53613.3,302.2,227.8,0.1,39.0,False
92,Mn,146.037,164.8,98.5,86.8,1.47,35.0,False
92,Fe,134.743,2632.2,0.0,25.2,0.44,110.0,False
92,Si,77.808,25174.5,191.2,111.1,0.14,60.0,False
92,Ca,107.775,812.5,297.2,250.4,0.59,14.0,False
92,Cr,159.16,0.1,74.6,67.5,3591.75,51.0,True
92,Ni,115.404,18.8,38.8,35.0,6.62,66.0,False
92,Al,90.986,16.6,84.3,66.8,12.51,24.0,False
93,Mg,107.54,53352.6,297.8,228.8,0.1,39.0,False
93,Mn,146.037,165.9,97.5,88.9,1.47,35.0,False
93,Fe,134.743,2678.7,0.0,27.4,0.43,115.0,False
93,Si,77.808,24995.4,194.8,112.7,0.14,60.0,False
93,Ca,107.775,802.2,291.6,249.8,0.59,14.0,False
93,Cr,159.16,2.1,72.1,68.3,105.45,51.0,True
93,Ni,115.404,22.4,38.5,33.5,5.61,65.0,False
93,Al,90.986,13.4,86.6,68.8,15.57,25.0,False
94,Mg,107.54,53474.4,300.5,225.2,0.1,38.0,False
94,Mn,146.037,157.7,100.5,89.6,1.53,35.0,False
94,Fe,134.743,2662.1,0.0,25.9,0.44,112.0,False
94,Si,77.808,24966.1,198.8,118.2,0.14,61.0,False
94,Ca,107.775,816.9,291.6,244.4,0.58,14.0,False
94,Cr,159.16,1.3,68.3,70.9,161.14,51.0,True
94,Ni,115.404,20.6,38.1,35.2,6.08,66.0,False
94,Al,90.986,16.7,84.6,67.1,12.48,24.0,False
95,Mg,107.54,55426.0,300.7,223.3,0.1,38.0,False
95,Mn,146.037,150.9,95.8,88.6,1.57,34.0,False
95,Fe,134.743,2434.5,0.0,24.0,0.46,107.0,False
95,Si,77.808,26083.9,194.7,114.9,0.14,61.0,False
95,Ca,107.775,839.4,289.9,250.8,0.57,14.0,False
95,Cr,159.16,7.9,68.3,71.6,27.97,51.0,False
95,Ni,115.404,23.7,40.3,32.3,5.34,66.0,False
95,Al,90.986,18.2,84.6,65.8,11.46,24.0,False
96,Mg,107.54,54072.9,301.7,234.2,0.1,39.0,False
96,Mn,146.037,155.2,97.8,87.8,1.54,35.0,False
96,Fe,134.743,2581.6,0.0,21.9,0.44,103.0,False
96,Si,77.808,25952.6,192.6,116.9,0.14,61.0,False
96,Ca,107.775,815.9,291.4,246.1,0.59,14.0,False
96,Cr,159.16,2.9,73.5,65.6,75.81,51.0,True
96,Ni,115.404,23.3,38.1,34.5,5.43,66.0,False
96,Al,90.986,17.3,81.7,69.8,12.01,24.0,False
97,Mg,107.54,54592.2,304.2,235.4,0.1,39.0,False
97,Mn,146.037,146.6,99.9,85.6,1.61,35.0,False
97,Fe,134.743,2527.7,0.0,24.9,0.45,109.0,False
97,Si,77.808,26041.8,193.8,113.0,0.14,60.0,False
97,Ca,107.775,828.2,286.6,252.7,0.58,14.0,False
97,Cr,159.16,4.0,72.6,68.0,54.78,51.0,True
97,Ni,115.404,20.0,39.0,36.3,6.31,67.0,False
97,Al,90.986,13.2,88.8,65.2,15.8,25.0,False
98,Mg,107.54,55806.2,294.9,233.2,0.1,39.0,False
98,Mn,146.037,142.6,97.2,85.0,1.64,34.0,False
98,Fe,134.743,2436.4,0.0,23.6,0.46,106.0,False
98,Si,77.808,26118.1,190.3,116.5,0.14,60.0,False
98,Ca,107.775,808.5,288.4,252.8,0.59,14.0,False
98,Cr,159.16,2.7,73.1,69.7,82.72,51.0,True
98,Ni,115.404,22.6,39.4,36.1,5.66,67.0,False
98,Al,90.986,19.5,80.6,66.3,10.62,24.0,False
99,Mg,107.54,55654.9,292.5,227.0,0.1,38.0,False
99,Mn,146.037,139.4,101.2,87.3,1.69,35.0,False
99,Fe,134.743,2474.4,0.0,25.4,0.45,110.0,False
99,Si,77.808,26007.2,189.1,116.8,0.14,60.0,False
99,Ca,107.775,806.1,288.7,247.9,0.59,14.0,False
99,Cr,159.16,4.3,70.3,68.5,50.62,51.0,True
99,Ni,115.404,23.0,38.2,34.4,5.48,66.0,False
99,Al,90.986,16.1,85.2,66.3,12.94,24.0,False
100,Mg,107.54,55775.9,292.6,232.3,0.1,38.0,False
100,Mn,146.037,141.3,96.8,89.5,1.66,35.0,False
100,Fe,134.743,2448.6,0.0,24.2,0.45,108.0,False
100,Si,77.808,26150.9,190.8,112.2,0.14,60.0,False
100,Ca,107.775,818.0,289.2,247.5,0.58,14.0,False
100,Cr,159.16,3.4,70.9,67.1,64.49,50.0,True
100,Ni,115.404,23.8,38.5,32.5,5.29,65.0,False
100,Al,90.986,17.2,83.7,64.6,12.0,24.0,False
101,Mg,107.54,51724.2,283.1,227.9,0.1,38.0,False
101,Mn,146.037,165.8,98.5,90.5,1.47,35.0,False
101,Fe,134.743,2830.5,0.0,26.0,0.42,112.0,False
101,Si,77.808,25168.5,198.2,109.0,0.14,60.0,False
101,Ca,107.775,569.0,295.1,252.7,0.76,14.0,False
101,Cr,159.16,4.2,71.5,70.5,52.46,51.0,True
101,Ni,115.404,23.4,37.8,32.2,5.34,65.0,False
101,Al,90.986,16.9,86.3,67.4,12.4,25.0,False
102,Mg,107.54,51827.6,284.1,229.1,0.1,38.0,False
102,Mn,146.037,168.0,98.4,86.2,1.45,35.0,False
102,Fe,134.743,2819.9,0.0,25.4,0.42,110.0,False
102,Si,77.808,25112.4,194.5,111.6,0.14,60.0,False
102,Ca,107.775,561.2,294.5,253.0,0.77,14.0,False
102,Cr,159.16,2.0,75.6,67.3,109.57,51.0,True
102,Ni,115.404,21.7,38.7,33.8,5.77,66.0,False
102,Al,90.986,14.0,88.9,69.4,15.06,25.0,False
103,Mg,107.54,51831.6,297.5,227.6,0.1,38.0,False
103,Mn,146.037,165.8,101.7,88.3,1.48,35.0,False
103,Fe,134.743,2833.6,0.0,26.0,0.42,112.0,False
103,Si,77.808,25302.1,194.3,113.8,0.14,60.0,False
103,Ca,107.775,565.6,293.5,253.8,0.77,14.0,False
103,Cr,159.16,1.5,72.9,70.4,150.92,51.0,True
103,Ni,115.404,22.6,39.5,34.7,5.61,66.0,False
103,Al,90.986,18.3,84.5,69.9,11.49,25.0,False
104,Mg,107.54,58827.7,293.1,236.3,0.09,39.0,False
104,Mn,146.037,117.5,93.6,86.5,1.9,34.0,False
104,Fe,134.743,2097.5,0.0,21.1,0.49,101.0,False
104,Si,77.808,25911.5,185.4,104.8,0.14,59.0,False
104,Ca,107.775,719.4,281.3,243.9,0.64,14.0,False
104,Cr,159.16,14.7,66.5,65.9,15.02,49.0,False
104,Ni,115.404,30.6,39.7,34.1,4.31,66.0,False
104,Al,90.986,18.1,79.3,65.3,11.28,24.0,False
105,Mg,107.54,58946.2,290.3,231.7,0.09,38.0,False
105,Mn,146.037,115.3,93.8,84.2,1.93,34.0,False
105,Fe,134.743,2095.1,0.0,24.7,0.49,109.0,False
105,Si,77.808,25881.4,191.3,107.5,0.14,59.0,False
105,Ca,107.775,701.1,288.3,245.0,0.65,14.0,False
105,Cr,159.16,12.4,67.0,71.7,18.07,51.0,False
105,Ni,115.404,33.0,37.6,33.3,3.99,65.0,False
105,Al,90.986,17.9,83.8,66.3,11.61,24.0,False
106,Mg,107.54,58893.1,286.9,242.0,0.09,39.0,False
106,Mn,146.037,117.8,92.2,84.5,1.89,34.0,False
106,Fe,134.743,2081.9,0.0,22.7,0.49,104.0,False
106,Si,77.808,25896.9,187.2,108.7,0.14,59.0,False
106,Ca,107.775,709.7,279.4,241.7,0.64,14.0,False
106,Cr,159.16,11.9,64.5,67.5,18.45,49.0,False
106,Ni,115.404,30.1,36.3,32.1,4.26,64.0,False
106,Al,90.986,15.2,81.4,64.6,13.43,24.0,False
107,Mg,107.54,59866.6,300.7,240.8,0.09,39.0,False
107,Mn,146.037,108.9,95.8,85.5,2.03,34.0,False
107,Fe,134.743,1985.5,0.0,23.3,0.5,106.0,False
107,Si,77.808,25910.4,182.4,106.9,0.14,59.0,False
107,Ca,107.775,775.3,284.7,247.5,0.6,14.0,False
107,Cr,159.16,10.8,72.7,67.0,20.76,51.0,False
107,Ni,115.404,29.4,37.7,31.0,4.35,64.0,False
107,Al,90.986,19.8,78.0,64.7,10.31,24.0,False
108,Mg,107.54,59964.5,297.7,242.8,0.09,39.0,False
108,Mn,146.037,107.1,93.0,85.1,2.04,34.0,False
108,Fe,134.743,2007.0,0.0,26.1,0.5,112.0,False
108,Si,77.808,26591.9,194.6,114.5,0.14,60.0,False
108,Ca,107.775,768.4,286.5,243.0,0.61,14.0,False
108,Cr,159.16,14.4,66.6,63.7,15.22,49.0,False
108,Ni,115.404,27.9,36.6,33.3,4.58,64.0,False
108,Al,90.986,13.5,85.0,66.2,15.24,24.0,False
109,Mg,107.54,59758.2,302.6,237.4,0.09,39.0,False
109,Mn,146.037,108.6,93.8,85.9,2.03,34.0,False
109,Fe,134.743,2010.1,0.0,23.5,0.5,106.0,False
109,Si,77.808,26586.7,187.7,109.9,0.14,59.0,False
109,Ca,107.775,855.5,283.2,240.3,0.56,14.0,False
109,Cr,159.16,15.0,67.2,64.1,14.69,49.0,False
109,Ni,115.404,28.4,37.6,33.1,4.52,65.0,False
109,Al,90.986,15.4,86.8,64.9,13.52,24.0,False
110,Mg,107.54,58529.6,300.1,223.8,0.09,38.0,False
110,Mn,146.037,123.7,92.2,85.7,1.82,34.0,False
110,Fe,134.743,2144.7,0.0,23.2,0.49,106.0,False
110,Si,77.808,25522.8,191.7,107.2,0.14,60.0,False
110,Ca,107.775,741.2,284.2,242.0,0.62,14.0,False
110,Cr,159.16,10.8,72.0,65.7,20.68,50.0,False
110,Ni,115.404,26.3,38.9,35.0,4.91,66.0,False
110,Al,90.986,17.6,85.5,65.6,11.85,24.0,False
111,Mg,107.54,58581.4,298.2,235.1,0.09,39.0,False
111,Mn,146.037,124.5,93.0,87.0,1.82,34.0,False
111,Fe,134.743,2121.3,0.0,21.0,0.49,100.0,False
111,Si,77.808,25363.0,192.0,103.7,0.14,59.0,False
111,Ca,107.775,723.3,284.7,244.1,0.63,14.0,False
111,Cr,159.16,7.2,69.5,70.5,30.65,51.0,False
111,Ni,115.404,29.8,37.9,32.1,4.32,65.0,False
111,Al,90.986,19.4,83.1,65.2,10.73,24.0,False
112,Mg,107.54,58469.0,292.0,235.1,0.09,39.0,False
112,Mn,146.037,122.8,97.3,88.0,1.85,35.0,False
112,Fe,134.743,2159.3,0.0,21.1,0.48,101.0,False
112,Si,77.808,26356.4,190.0,109.7,0.14,60.0,False
112,Ca,107.775,725.3,281.8,245.9,0.63,14.0,False
112,Cr,159.16,8.0,69.9,70.3,27.79,51.0,False
112,Ni,115.404,27.5,36.8,35.1,4.68,65.0,False
112,Al,90.986,26.9,83.5,64.2,7.9,24.0,False
113,Mg,107.54,53645.1,289.7,240.2,0.1,39.0,False
113,Mn,146.037,154.3,99.1,88.2,1.55,35.0,False
113,Fe,134.743,2677.7,0.0,27.3,0.43,115.0,False
113,Si,77.808,25868.4,193.5,115.0,0.14,60.0,False
113,Ca,107.775,682.9,293.1,253.3,0.67,14.0,False
113,Cr,159.16,2.7,70.3,70.0,80.78,51.0,True
113,Ni,115.404,24.6,37.7,33.5,5.14,65.0,False
113,Al,90.986,16.0,89.0,69.8,13.25,25.0,False
114,Mg,107.54,53374.5,283.7,221.8,0.1,38.0,False
114,Mn,146.037,156.0,99.9,87.0,1.54,35.0,False
114,Fe,134.743,2675.2,0.0,28.2,0.43,116.0,False
114,Si,77.808,25919.1,187.8,117.6,0.14,60.0,False
114,Ca,107.775,713.3,287.5,249.0,0.64,14.0,False
114,Cr,159.16,4.9,72.9,68.4,44.99,51.0,True
114,Ni,115.404,21.8,40.8,34.3,5.82,67.0,False
114,Al,90.986,18.9,84.9,67.4,11.11,24.0,False
115,Mg,107.54,53331.4,299.1,227.3,0.1,39.0,False
115,Mn,146.037,155.1,98.5,93.4,1.56,35.0,False
115,Fe,134.743,2675.4,0.0,25.5,0.43,111.0,False
115,Si,77.808,25807.5,197.4,114.4,0.14,61.0,False
115,Ca,107.775,713.7,297.1,246.6,0.65,14.0,False
115,Cr,159.16,0.3,67.5,72.1,659.49,51.0,True
115,Ni,115.404,23.2,38.9,33.9,5.45,66.0,False
115,Al,90.986,14.5,86.1,67.1,14.36,25.0,False
116,Mg,107.54,51788.9,292.2,235.8,0.1,39.0,False
116,Mn,146.037,182.1,96.4,87.3,1.36,34.0,False
116,Fe,134.743,2847.9,0.0,23.6,0.42,106.0,False
116,Si,77.808,25851.1,189.7,122.5,0.14,61.0,False
116,Ca,107.775,777.5,293.4,253.3,0.61,14.0,False
116,Cr,159.16,0.5,73.9,68.3,453.27,51.0,True
116,Ni,115.404,13.6,37.9,35.2,8.86,66.0,False
116,Al,90.986,23.1,85.4,65.9,9.17,24.0,False
117,Mg,107.54,51660.7,298.6,231.9,0.1,39.0,False
117,Mn,146.037,183.6,99.0,90.6,1.36,35.0,False
117,Fe,134.743,2859.3,0.0,26.9,0.42,114.0,False
117,Si,77.808,25822.1,191.4,116.8,0.14,60.0,False
117,Ca,107.775,743.6,295.0,251.8,0.63,14.0,False
117,Cr,159.16,-0.4,75.5,70.0,100.0,52.0,True
117,Ni,115.404,13.6,39.7,34.9,8.91,67.0,False
117,Al,90.986,18.5,87.0,69.3,11.45,25.0,False
118,Mg,107.54,51568.2,300.4,231.6,0.1,39.0,False
118,Mn,146.037,179.7,98.2,88.9,1.38,35.0,False
118,Fe,134.743,2864.7,0.0,24.5,0.42,109.0,False
118,Si,77.808,25118.2,192.4,114.0,0.14,60.0,False
118,Ca,107.775,708.8,297.0,254.7,0.65,14.0,False
118,Cr,159.16,-1.8,73.9,68.6,100.0,51.0,True
118,Ni,115.404,13.7,38.5,34.0,8.78,66.0,False
118,Al,90.986,14.7,83.8,68.5,14.14,24.0,False
119,Mg,107.54,51401.6,300.2,223.3,0.1,38.0,False
119,Mn,146.037,181.3,101.5,89.5,1.38,35.0,False
119,Fe,134.743,2914.3,0.0,25.6,0.42,111.0,False
119,Si,77.808,25039.1,199.1,117.8,0.14,61.0,False
119,Ca,107.775,675.1,297.7,253.8,0.67,14.0,False
119,Cr,159.16,0.5,70.9,70.6,405.38,51.0,True
119,Ni,115.404,13.7,38.1,34.6,8.75,66.0,False
119,Al,90.986,17.0,84.5,68.9,12.32,25.0,False
120,Mg,107.54,55745.6,293.7,238.1,0.1,39.0,False
120,Mn,146.037,140.5,95.4,91.4,1.67,35.0,False
120,Fe,134.743,2447.2,0.0,22.1,0.45,103.0,False
120,Si,77.808,25490.6,191.5,119.3,0.14,61.0,False
120,Ca,107.775,789.2,290.8,247.1,0.6,14.0,False
120,Cr,159.16,9.8,66.9,68.9,22.38,50.0,False
120,Ni,115.404,24.9,37.7,33.0,5.06,65.0,False
120,Al,90.986,17.4,84.6,67.0,11.96,24.0,False
121,Mg,107.54,55737.8,295.9,244.6,0.1,39.0,False
121,Mn,146.037,136.4,97.5,87.5,1.7,35.0,False
121,Fe,134.743,2434.9,0.0,25.1,0.46,110.0,False
121,Si,77.808,26013.9,201.3,112.6,0.14,61.0,False
121,Ca,107.775,787.8,289.8,248.2,0.6,14.0,False
121,Cr,159.16,9.0,68.9,69.5,24.55,51.0,False
121,Ni,115.404,22.8,38.6,34.7,5.55,66.0,False
121,Al,90.986,18.7,83.0,68.7,11.16,24.0,False
122,Mg,107.54,55815.4,294.5,234.5,0.1,39.0,False
122,Mn,146.037,142.5,96.3,86.0,1.64,34.0,False
122,Fe,134.743,2431.6,0.0,23.4,0.46,106.0,False
122,Si,77.808,25123.2,193.8,117.5,0.14,61.0,False
122,Ca,107.775,785.6,290.2,247.2,0.6,14.0,False
122,Cr,159.16,3.4,72.1,66.5,64.32,51.0,True
122,Ni,115.404,23.7,39.7,34.0,5.37,66.0,False
122,Al,90.986,17.2,82.8,68.1,12.07,24.0,False
123,Mg,107.54,54885.8,293.1,235.3,0.1,39.0,False
123,Mn,146.037,148.2,96.3,87.6,1.59,34.0,False
123,Fe,134.743,2513.9,0.0,23.1,0.45,105.0,False
123,Si,77.808,25830.2,204.4,112.3,0.14,61.0,False
123,Ca,107.775,778.4,296.9,251.3,0.61,14.0,False
123,Cr,159.16,3.9,69.7,69.8,55.59,51.0,True
123,Ni,115.404,21.9,39.7,34.6,5.77,67.0,False
123,Al,90.986,17.0,85.2,65.4,12.22,24.0,False
124,Mg,107.54,54912.4,293.2,230.4,0.1,38.0,False
124,Mn,146.037,150.9,96.8,88.0,1.57,35.0,False
124,Fe,134.743,2497.3,0.0,24.7,0.45,109.0,False
124,Si,77.808,25958.2,191.0,121.3,0.14,61.0,False
124,Ca,107.775,764.1,294.0,250.3,0.61,14.0,False
124,Cr,159.16,2.5,72.1,66.5,85.06,50.0,True
124,Ni,115.404,22.0,38.0,33.9,5.7,65.0,False
124,Al,90.986,15.3,85.7,66.1,13.54,24.0,False
125,Mg,107.54,54449.3,288.5,226.2,0.1,38.0,False
125,Mn,146.037,151.8,97.6,87.1,1.57,35.0,False
125,Fe,134.743,2555.7,0.0,24.6,0.44,109.0,False
125,Si,77.808,25669.7,200.2,116.2,0.14,61.0,False
125,Ca,107.775,798.5,292.5,251.3,0.6,14.0,False
125,Cr,159.16,3.3,70.2,70.0,65.58,51.0,True
125,Ni,115.404,21.8,37.9,32.9,5.71,65.0,False
125,Al,90.986,17.9,84.5,67.2,11.69,24.0,False
126,Mg,107.54,66076.0,301.6,241.7,0.09,39.0,False
126,Mn,146.037,67.0,93.3,81.7,3.01,34.0,False
126,Fe,134.743,1382.2,0.0,22.0,0.61,103.0,False
126,Si,77.808,26669.0,191.3,108.6,0.14,60.0,False
126,Ca,107.775,208.8,270.4,228.4,1.66,14.0,False
126,Cr,159.16,7.1,66.5,61.9,29.75,49.0,False
126,Ni,115.404,53.1,35.4,31.2,2.66,63.0,False
126,Al,90.986,18.0,79.6,63.1,11.31,24.0,False
127,Mg,107.54,66073.0,304.1,237.1,0.09,39.0,False
127,Mn,146.037,71.5,90.3,82.2,2.84,33.0,False
127,Fe,134.743,1364.5,0.0,24.2,0.61,108.0,False
127,Si,77.808,26883.3,189.2,116.0,0.14,60.0,False
127,Ca,107.775,208.4,267.7,230.3,1.66,14.0,False
127,Cr,159.16,3.8,69.7,69.0,56.76,51.0,True
127,Ni,115.404,52.5,35.9,32.3,2.7,64.0,False
127,Al,90.986,18.5,85.0,64.3,11.28,24.0,False
128,Mg,107.54,65884.7,301.9,239.1,0.09,39.0,False
128,Mn,146.037,68.4,93.4,80.9,2.96,34.0,False
128,Fe,134.743,1363.7,0.0,21.2,0.61,101.0,False
128,Si,77.808,26888.9,184.5,109.7,0.14,59.0,False
128,Ca,107.775,216.7,270.4,236.3,1.61,14.0,False
128,Cr,159.16,6.0,65.4,63.2,35.38,49.0,True
128,Ni,115.404,53.9,35.8,30.8,2.63,63.0,False
128,Al,90.986,25.0,76.3,63.4,8.22,23.0,False
